Job.Title.2024,"Cal.
Code",Name,Position,Effective.2024,Schd.,Grd.,Step,FTE,Pay.2024,Adjusted.2024,Prorated,Hrs/Dy
Physical Therapist,EA,8/30/2023-EndOfYear,T21A,10M,TCH,B,08,1,"68,741.00",70241,70241,7.25
Building Maintenance Mechanic,SS,7/1/2023-EndOfYear,26PY,12M,BMM,OFF,24,1,"49,453.00",49973,49973,8
Logistics and Warehouse Manager,NONC,7/1/2023-EndOfYear,26PY,12M,CORD,NA,,1,"83,040.00",83040,83040,8
IT Support Technician II,SS,7/1/2023-EndOfYear,26PY,12M,SCSA,OFF,9,1,"57,501.00",58021,58021,8
Teaching Assistant,SS,8/30/2023-EndOfYear,T26A,10M,TA,B,25,1,"39,194.00",39861,39861,6.67
Director of Educational Technology Svcs,AAA,7/1/2023-EndOfYear,26PY,12M,ADM,NA,,1,"153,351.00",153351,153351,8
Teaching Assistant,SS,8/30/2023-EndOfYear,T21A,10M,TA,B,24,1,"38,431.00",39098,39098,6.67
Wide Area Network Manager,WADU,7/1/2023-EndOfYear,26PY,12M,WADU,NA,,1,"142,723.00",142723,142723,8
School Aide,SS,8/30/2023-EndOfYear,T21A,10M,AIDE,B,28,0.75,"29,782.00",22636.5,22636.5,8
Speech Therapist,EA,8/30/2023-EndOfYear,T21A,10M,TCH,B,01,1,"77,674.00",82274,82274,7.25
Financial & Operation System Specialist,NONC,7/1/2023-EndOfYear,26PY,12M,CORD,NA,,1,"68,198.00",68198,68198,8
Special Education Teacher,EA,8/30/2023-EndOfYear,T26A,10M,TCH,B,94,1,"89,973.00",94510,94510,7.25
Career and Technical Education Teacher,EA,8/30/2023-EndOfYear,T26A,10M,TCH,B,014,1,"61,920.00",63420,63420,7.25
Principal Special Education,WADU,7/1/2023-EndOfYear,26PY,12M,WADU,NA,,1,"116,829.00",123829,123829,8
Administrative Aide,NREP,1/9/2024-EndOfYear,26PY,12M,CONF,NA,,1,"48,786.00",48786,23267.17,8
Stenographer,SS,7/1/2023-12/27/2023,26PY,12M,STEN,OFF,37,0.8,"62,885.00",50724,24971.82,8
School Aide,SS,8/30/2023-EndOfYear,T21A,10M,AIDE,B,33,0.75,"33,804.00",25653,25653,8
Teaching Assistant,SS,8/30/2023-EndOfYear,T21A,10M,TA,B,28,1,"41,824.00",42491,42491,6.67
Career and Technical Education Teacher,EA,8/30/2023-EndOfYear,T26A,10M,TCH,B,01,1,"77,674.00",81064,81064,7.25
Teaching Assistant,SS,8/30/2023-EndOfYear,T21A,10M,TA,B,35,1,"46,622.00",47289,47289,6.67
Teaching Assistant,SS,8/30/2023-EndOfYear,T26A,10M,TA,B,25,1,"39,194.00",39861,39861,6.67
School Aide,SS,8/30/2023-EndOfYear,T21A,10M,AIDE,B,37,0.75,"37,022.00",28066.5,28066.5,8
School Psychologist,EA,8/30/2023-EndOfYear,T21A,10M,GRP2,NA,,1,"82,510.00",84010,84010,7.25
Building Maintenance Assistant,SS,7/1/2023-EndOfYear,26PY,12M,BMA,OFF,33,1,"51,601.00",52121,52121,8
Teaching Assistant,SS,8/30/2023-EndOfYear,T21A,10M,TA,B,9,0.9,"29,948.00",27253.35,27253.35,6.67
TCI Trainer,NONC,7/1/2023-EndOfYear,26PY,12M,CORD,NA,,1,"116,146.00",116146,116146,8
Teaching Assistant,SS,8/30/2023-EndOfYear,T26A,10M,TA,B,25,1,"39,194.00",39861,39861,6.67
Sr Network Analyst,SS,7/1/2023-EndOfYear,26PY,12M,SNET,OFF,28,1,"119,869.00",120389,120389,8
Speech Therapist,EA,8/30/2023-EndOfYear,T26A,10M,TCH,B,96,1,"86,112.00",91145,91145,7.25
Physical Education Teacher,EA,8/30/2023-EndOfYear,T26A,10M,TCH,B,011,1,"65,359.00",69959,69959,7.25
Teaching Assistant,SS,8/30/2023-EndOfYear,T21A,10M,TA,B,21,0.9,"36,351.00",33016.05,33016.05,6.67
Teaching Assistant,SS,8/30/2023-EndOfYear,T21A,10M,TA,B,24,1,"38,431.00",39098,39098,6.67
Sr. Account Clerk Typist,SS,7/1/2023-EndOfYear,26PY,12M,BMM,OFF,33,1,"62,131.00",66651,66651,8
Manager of Data Services,NONC,7/1/2023-EndOfYear,26PY,12M,CORD,NA,,1,"113,361.00",113361,113361,8
School Psychologist,EA,8/30/2023-EndOfYear,T26A,10M,GRP2,NA,,1,"77,256.00",78756,78756,7.25
Building Maintenance Supervisor,NREP,7/1/2023-EndOfYear,26PY,12M,OTHR,NA,,1,"69,629.00",71293,71293,8
Cleaner,SS,7/1/2023-EndOfYear,26PY,12M,LAB,OFF,30,1,"46,286.00",46806,46806,8
School Aide,SS,8/30/2023-EndOfYear,T21A,10M,AIDE,B,33,0.75,"33,804.00",25653,25653,8
Sr Account Clerk,SS,7/1/2023-EndOfYear,26PY,12M,BMM,OFF,29,1,"54,371.00",54891,54891,8
Administrative Aide,NREP,7/1/2023-EndOfYear,26PY,12M,CONF,NA,,1,"67,932.00",69596,69596,8
Sr. Computer Services Assistant,SS,7/1/2023-EndOfYear,26PY,12M,SCSA,OFF,26,1,"79,487.00",80007,80007,8
Teaching Assistant,SS,8/30/2023-EndOfYear,T21A,10M,TA,B,26,1,"39,974.00",40641,40641,6.67
Special Education Teacher,EA,8/30/2023-EndOfYear,T26A,10M,TCH,B,08,1,"68,741.00",72963,72963,7.25
Teaching Assistant,SS,8/30/2023-EndOfYear,T26A,10M,TA,B,28,1,"41,824.00",42491,42491,6.67
Licensed Practical Nurse,SS,8/30/2023-EndOfYear,T26A,10M,TA,B,27,1,"40,915.00",41248.5,41248.5,6.67
Buyer,NREP,7/1/2023-EndOfYear,26PY,12M,CONF,NA,,1,"68,455.00",70119,70119,8
Speech Therapist,EA,8/30/2023-EndOfYear,T21A,10M,TCH,B,90,1,"103,957.00",108746,108746,7.25
Sr. Computer Services Assistant,SS,7/1/2023-EndOfYear,26PY,12M,SCSA,OFF,31,1,"92,804.00",93324,93324,8
School Aide,SS,8/30/2023-EndOfYear,T21A,10M,AIDE,B,34,0.75,"34,624.00",26268,26268,8
AccelerateU Teacher,EA,7/1/2023-EndOfYear,,,GRP6,NA,,0.01,0,0,0,7.25
Special Education Teacher,EA,8/30/2023-EndOfYear,T21A,10M,TCH,B,01,1,"77,674.00",82085,82085,7.25
School Psychologist,EA,8/30/2023-EndOfYear,T26A,10M,GRP2,NA,,1,"78,064.00",79564,79564,7.25
Special Education Teacher,EA,8/30/2023-EndOfYear,T21A,10M,TCH,B,08,1,"68,741.00",73908,73908,7.25
Buyer,NREP,7/1/2023-EndOfYear,26PY,12M,CONF,NA,,1,"56,774.00",56774,56774,8
School Aide,SS,8/30/2023-EndOfYear,T26A,10M,AIDE,B,23,0.75,"27,136.00",20652,20652,8
School Aide,SS,8/30/2023-EndOfYear,T26A,10M,AIDE,B,35,0.75,"35,462.00",26896.5,26896.5,8
Special Education Teacher,EA,8/30/2023-EndOfYear,T21A,10M,TCH,B,010,1,"66,479.00",72780,72780,7.25
Occupational Therapist,EA,8/30/2023-EndOfYear,T21A,10M,TCH,B,08,1,"68,741.00",71241,71241,7.25
School Social Worker (10 M),EA,8/30/2023-EndOfYear,T26A,10M,TCH,B,98,1,"82,614.00",88726,88726,7.25
Teaching Assistant,SS,8/30/2023-EndOfYear,T21A,10M,TA,B,36,0.9,"47,302.00",43172.1,43172.1,6.67
Occupational Therapist,EA,8/30/2023-EndOfYear,T26A,10M,TCH,B,012,1,"64,162.00",64662,64662,7.25
Speech Therapist,EA,8/30/2023-EndOfYear,T21A,10M,TCH,B,01,1,"77,674.00",82652,82652,7.25
School Aide,SS,8/30/2023-EndOfYear,T21A,10M,AIDE,B,24,0.75,"27,640.00",21030,21030,8
School Social Worker (10 M),EA,8/30/2023-EndOfYear,T21A,10M,TCH,B,06,1,"70,474.00",76586,76586,7.25
Teaching Assistant,SS,8/30/2023-EndOfYear,T21A,10M,TA,B,22,1,"36,948.00",37615,37615,6.67
Licensed Practical Nurse,SS,8/30/2023-EndOfYear,T26A,10M,TA,B,28,1,"41,824.00",42157.5,42157.5,6.67
Special Education Teacher,EA,12/22/2023-EndOfYear,T21A,10M,TCH,B,96,1,"86,112.00",89842,54803.62,7.25
School Social Worker (10 M),EA,8/30/2023-EndOfYear,T21A,10M,TCH,B,01,1,"77,674.00",82085,82085,7.25
Cleaner,SS,7/1/2023-EndOfYear,26PY,12M,LAB,OFF,31,1,"47,326.00",47846,47846,8
Special Education Teacher,EA,8/30/2023-EndOfYear,T26A,10M,TCH,B,08,1,"68,741.00",73908,73908,7.25
Occupational Therapist,EA,8/30/2023-EndOfYear,T21A,10M,TCH,B,013,1,"63,040.00",73042,73042,7.25
Special Education Teacher,EA,8/30/2023-EndOfYear,T21A,10M,TCH,B,06,1,"70,474.00",75464,75464,7.25
School Psychologist,EA,8/30/2023-EndOfYear,T21A,10M,GRP2,NA,,1,"75,264.00",76264,76264,7.25
Career and Technical Education Teacher,EA,8/30/2023-EndOfYear,T26A,10M,TCH,B,05,1,"71,215.00",75693,75693,7.25
Speech Therapist,EA,8/30/2023-6/26/2024,T26A,10M,TCH,B,00,1,"79,126.00",84474,84474,7.25
Sr. Computer Services Assistant,SS,7/1/2023-EndOfYear,26PY,12M,SCSA,OFF,23,1,"72,865.00",73385,73385,8
Coordinator of The Leadership Institute,NONC,7/1/2023-EndOfYear,26PY,12M,CORD,NA,,1,"15,000.00",15000,15000,8
Teaching Assistant,SS,8/30/2023-EndOfYear,T21A,10M,TA,B,25,1,"39,194.00",39861,39861,6.67
Physical Therapist,EA,8/30/2023-EndOfYear,T21A,10M,TCH,B,96,1,"86,112.00",87612,87612,7.25
Coordinator Multimedia Development,NONC,7/1/2023-EndOfYear,26PY,12M,CORD,NA,,1,"107,209.00",107209,107209,8
Teaching Assistant,SS,8/30/2023-EndOfYear,T26A,10M,TA,B,19,1,"35,143.00",35810,35810,6.67
Special Education Teacher,EA,8/30/2023-EndOfYear,T21A,10M,TCH,B,010,1,"66,479.00",71268,71268,7.25
Speech Therapist,EA,8/30/2023-EndOfYear,T21A,10M,TCH,B,014,1,"61,920.00",67087,67087,7.25
Teaching Assistant,SS,8/30/2023-EndOfYear,T21A,10M,TA,B,22,1,"37,021.00",37688,37688,6.67
Coordinator Clinical Support,NONC,9/12/2023-EndOfYear,26PY,12M,CORD,NA,,1,"96,000.00",96000,77169.23,8
School Psychologist,EA,8/30/2023-EndOfYear,T26A,10M,GRP2,NA,,1,"76,729.00",78229,78229,7.25
Behavioral Specialist Coordinator (12M),NONC,7/1/2023-EndOfYear,26PY,12M,CORD,NA,,1,"103,435.00",103435,103435,8
School Aide,SS,8/30/2023-EndOfYear,T26A,10M,AIDE,B,24,0.75,"27,640.00",21030,21030,8
Physical Education Teacher,EA,8/30/2023-EndOfYear,T26A,10M,TCH,A,9,1,"55,342.00",55342,55342,7.25
School Psychologist,EA,8/30/2023-EndOfYear,T26A,10M,GRP2,NA,,1,"76,729.00",78229,78229,7.25
Secretary I,SS,7/1/2023-EndOfYear,26PY,12M,STEN,OFF,31,1,"52,888.00",53408,53408,8
Teaching Assistant,SS,8/30/2023-EndOfYear,T21A,10M,TA,B,22,1,"37,021.00",37688,37688,6.67
Cleaner,SS,7/1/2023-EndOfYear,26PY,12M,LAB,OFF,26,1,"42,601.00",43121,43121,8
Occupational Therapist,EA,8/30/2023-EndOfYear,T21A,10M,TCH,B,010,1,"66,479.00",67979,67979,7.25
School Aide,SS,8/30/2023-EndOfYear,T21A,10M,AIDE,B,20,0.75,"25,768.00",19326,19326,8
Special Education Teacher,EA,8/30/2023-EndOfYear,T26A,10M,TCH,B,07,1,"69,914.00",74703,74703,7.25
Building Maintenance Mechanic,SS,7/1/2023-EndOfYear,26PY,12M,BMM,OFF,25,1,"50,390.00",50910,50910,8
School Psychologist,EA,8/30/2023-EndOfYear,T21A,10M,GRP2,NA,,1,"74,111.00",75611,75611,7.25
Executive Principal,AAA,7/1/2023-EndOfYear,26PY,12M,ADM,NA,,1,"119,000.00",119000,119000,8
Cleaner,SS,7/1/2023-EndOfYear,26PY,12M,LAB,OFF,14,1,"34,593.00",34593,34593,8
School Aide,SS,8/30/2023-EndOfYear,T21A,10M,AIDE,B,23,0.75,"27,136.00",20652,20652,8
Physical Therapist,EA,8/30/2023-EndOfYear,T21A,10M,TCH,B,014,1,"61,920.00",63420,63420,7.25
School Aide,SS,8/30/2023-EndOfYear,T26A,10M,AIDE,B,17,0.75,"24,600.00",18450,18450,8
Occupational Therapist,EA,8/30/2023-EndOfYear,T26A,10M,TCH,B,012,1,"64,162.00",65162,65162,7.25
Business & Community Liaison (12M),EA,7/1/2023-EndOfYear,26PY,12M,GRP4,NA,,1,"81,120.00",82620,82620,8
Instructional Pathways Coordinator (12M),NONC,7/1/2023-EndOfYear,26PY,12M,CORD,NA,,1,"104,179.00",104179,104179,8
Special Education Teacher,EA,8/30/2023-6/30/2024,T21A,10M,TCH,B,011,1,"65,359.00",70526,70526,7.25
Teaching Assistant (02),SS,3/25/2024-6/30/2024,T21A,10M,TA,A,4,0.9,"27,310.00",24579,7865.28,6.67
School Aide,SS,8/30/2023-EndOfYear,T21A,10M,AIDE,B,24,0.75,"27,640.00",21030,21030,8
School Aide,SS,8/30/2023-EndOfYear,T26A,10M,AIDE,B,25,0.75,"28,151.00",21413.25,21413.25,8
Special Education Teacher,EA,8/30/2023-EndOfYear,T26A,10M,TCH,B,010,1,"66,479.00",71457,71457,7.25
Career and Technical Education Teacher,EA,8/30/2023-EndOfYear,T26A,10M,TCH,B,010,1,"66,479.00",70701,70701,7.25
School Aide,SS,8/30/2023-EndOfYear,T21A,10M,AIDE,B,22,0.75,"26,687.00",20315.25,20315.25,8
School Aide,SS,8/30/2023-EndOfYear,T21A,10M,AIDE,B,29,0.75,"30,512.00",23184,23184,8
Special Education Teacher,EA,8/30/2023-EndOfYear,T26A,10M,TCH,B,06,1,"70,474.00",77720,77720,7.25
Information Tech Network Analyst II,SS,7/1/2023-EndOfYear,26PY,12M,SNET,OFF,20,1,"102,593.00",103113,103113,8
Teaching Assistant,SS,8/30/2023-EndOfYear,T21A,10M,TA,B,22,1,"37,021.00",37688,37688,6.67
Speech Therapist,EA,8/30/2023-EndOfYear,T21A,10M,TCH,B,012,1,"64,162.00",69152,69152,7.25
Teaching Assistant,SS,8/30/2023-EndOfYear,T21A,10M,TA,B,21,1,"36,351.00",37018,37018,6.67
Payroll Specialist,NREP,5/7/2024-EndOfYear,26PY,12M,CORD,NA,,1,"50,000.00",50000,7500,8
Licensed Practical Nurse,SS,8/30/2023-EndOfYear,T26A,10M,TA,B,28,1,"41,824.00",42157.5,42157.5,6.67
Physical Therapist,EA,8/30/2023-EndOfYear,T21A,10M,TCH,B,2022,1,"57,184.00",63686,63686,7.25
Teaching Assistant,SS,8/30/2023-EndOfYear,T21A,10M,TA,B,11,0.9,"30,879.00",28391.4,28391.4,6.67
Teaching Assistant,SS,8/30/2023-EndOfYear,T21A,10M,TA,B,18,1,"34,563.00",35230,35230,6.67
Teaching Assistant (02),SS,4/22/2024-EndOfYear,T21A,10M,TA,B,22,0.9,"37,021.00",33619.05,7900.52,6.67
Career and Technical Education Teacher,EA,8/30/2023-EndOfYear,T21A,10M,TCH,B,010,1,"66,479.00",68735,68735,7.25
Teaching Assistant,SS,8/30/2023-6/30/2024,T21A,10M,TA,A,5,0.9,"27,720.00",24948,24948,6.67
Teaching Assistant,SS,8/30/2023-EndOfYear,T26A,10M,TA,B,21,1,"36,351.00",37018,37018,6.67
Teaching Assistant,SS,8/30/2023-EndOfYear,T26A,10M,TA,B,22,1,"37,021.00",37688,37688,6.67
Special Education Teacher,EA,8/30/2023-EndOfYear,T21A,10M,TCH,B,08,1,"68,741.00",76743,76743,7.25
School Aide (02),SS,8/30/2023-EndOfYear,T21A,10M,AIDE,B,24,0.45,"27,640.00",12438,12438,8
Occupational Therapist,EA,8/30/2023-EndOfYear,T21A,10M,TCH,B,012,1,"64,162.00",66662,66662,7.25
Special Education Teacher,EA,8/30/2023-EndOfYear,T21A,10M,TCH,A,12,1,"56,736.00",61147,61147,7.25
School Aide (02),SS,6/24/2024-EndOfYear,T21A,10M,AIDE,B,24,0.75,"27,640.00",21030,315.45,8
Career and Technical Education Teacher,EA,8/30/2023-EndOfYear,T21A,10M,TCH,B,09,1,"67,601.00",71823,71823,7.25
Career and Technical Education Teacher,EA,8/30/2023-EndOfYear,T26A,10M,TCH,B,020,1,"57,802.00",58802,58802,7.25
School Aide,SS,8/30/2023-EndOfYear,T26A,10M,AIDE,B,19,0.75,"25,427.00",19370.25,19370.25,8
Professional Developement Registrar,NONC,7/1/2023-EndOfYear,26PY,12M,CORD,NA,,1,"70,233.00",70233,70233,8
Sr. Application Support Services Asst.,SS,7/1/2023-EndOfYear,26PY,12M,SCSA,OFF,10,1,"58,402.00",58402,58402,8
Teaching Assistant,SS,8/30/2023-EndOfYear,T21A,10M,TA,B,10,0.9,"30,430.00",27987.3,27987.3,6.67
Speech Therapist,EA,8/30/2023-EndOfYear,T26A,10M,TCH,B,013,1,"63,040.00",68518,68518,7.25
Information Security Analyst,NREP,8/15/2023-EndOfYear,26PY,12M,CONF,NA,,1,"88,000.00",88000,77507.69,8
Secretary I,SS,7/1/2023-EndOfYear,26PY,12M,STEN,OFF,27,1,"46,977.00",47497,47497,8
School District Data Specialist,NREP,8/17/2023-EndOfYear,26PY,12M,CONF,NA,,1,"60,000.00",60000,52384.62,8
Director of Staff Development,AAA,7/1/2023-EndOfYear,26PY,12M,ADM,NA,,1,"129,134.00",129134,129134,8
School Psychologist,EA,8/30/2023-EndOfYear,T21A,10M,GRP2,NA,,1,"77,398.00",78398,78398,7.25
Administrative Aide,NREP,7/1/2023-EndOfYear,26PY,12M,CONF,NA,,1,"56,114.00",57778,57778,8
Special Education Teacher,EA,8/30/2023-EndOfYear,T26A,10M,TCH,B,09,1,"67,601.00",69101,69101,7.25
Physical Therapist,EA,8/30/2023-EndOfYear,T26A,10M,TCH,B,08,0.8,"68,741.00",58776.8,58776.8,7.25
Special Education Teacher,EA,8/30/2023-6/30/2024,T26A,10M,TCH,A,1,1,"48,932.00",48932,48932,7.25
School Aide,SS,8/30/2023-EndOfYear,T21A,10M,AIDE,B,21,0.75,"26,239.00",19979.25,19979.25,8
School Aide,SS,8/30/2023-EndOfYear,T26A,10M,AIDE,B,24,0.75,"27,640.00",21030,21030,8
Teaching Assistant,SS,8/30/2023-EndOfYear,T21A,10M,TA,B,26,1,"39,974.00",40641,40641,6.67
Principal Technical & Career Education,WADU,7/1/2023-EndOfYear,26PY,12M,WADU,NA,,1,"110,987.00",110987,110987,8
School Aide,SS,8/30/2023-EndOfYear,T26A,10M,AIDE,B,29,0.75,"30,512.00",23184,23184,8
School Aide,SS,8/30/2023-EndOfYear,T21A,10M,AIDE,B,21,0.75,"26,239.00",19979.25,19979.25,8
Special Education Teacher,EA,8/30/2023-EndOfYear,T26A,10M,TCH,B,013,1,"63,040.00",68774,68774,7.25
School Aide,SS,8/30/2023-EndOfYear,T26A,10M,AIDE,B,17,0.75,"24,600.00",18450,18450,8
School Aide,SS,8/30/2023-EndOfYear,T26A,10M,AIDE,B,24,0.75,"27,640.00",21030,21030,8
Speech Therapist,EA,8/30/2023-EndOfYear,T26A,10M,TCH,A,11,1,"56,260.00",61998,61998,7.25
Special Education Teacher,EA,8/30/2023-EndOfYear,T26A,10M,TCH,B,015,1,"61,323.00",66557,66557,7.25
Physical Therapist,EA,8/30/2023-EndOfYear,T26A,10M,TCH,B,016,1,"60,553.00",67047,67047,7.25
Physical Therapist,EA,8/30/2023-EndOfYear,T21A,10M,TCH,B,011,1,"65,359.00",72731,72731,7.25
Substitute Teaching Assistant-cert,,2/27/2024-6/30/2024,,,OTHR,NA,,0,20.67,0,0,6.67
IT Support Technician II,SS,7/1/2023-EndOfYear,26PY,12M,SCSA,OFF,9,1,"57,501.00",57501,57501,8
Behavioral Specialist Coordinator (12M),NONC,7/1/2023-EndOfYear,26PY,12M,CORD,NA,,1,"95,500.00",95500,95500,8
School Aide,SS,8/30/2023-EndOfYear,T21A,10M,AIDE,B,24,0.75,"27,640.00",21030,21030,8
Special Education Teacher,EA,8/30/2023-EndOfYear,T21A,10M,TCH,B,014,1,"61,920.00",66331,66331,7.25
Special Education Teacher,EA,8/30/2023-EndOfYear,T21A,10M,TCH,A,3,1,"50,438.00",52770,52770,7.25
Payroll Clerk,NREP,6/17/2024-EndOfYear,26PY,12M,CONF,NA,,1,"42,000.00",42832,1647.38,8
School Aide,SS,8/30/2023-EndOfYear,T21A,10M,AIDE,B,17,0.75,"24,600.00",18450,18450,8
School Aide,SS,8/30/2023-EndOfYear,T26A,10M,AIDE,B,21,0.75,"26,239.00",19979.25,19979.25,8
Clinical Support Personnel,NONE,9/22/2023-6/30/2024,T21A,10M,OTHR,NA,,0,40,0,0,7.25
School Aide,SS,8/30/2023-EndOfYear,T26A,10M,AIDE,B,18,0.75,"25,018.00",19063.5,19063.5,8
Teaching Assistant,SS,8/30/2023-EndOfYear,T21A,10M,TA,B,14,0.9,"32,190.00",29571.3,29571.3,6.67
Career and Technical Education Teacher,EA,8/30/2023-EndOfYear,T26A,10M,TCH,B,05,1,"71,215.00",75437,75437,7.25
Coordinator of Technology Integration,NONC,7/1/2023-EndOfYear,26PY,12M,CORD,NA,,1,"74,985.00",74985,74985,8
Licensed Practical Nurse,SS,8/30/2023-EndOfYear,T21A,10M,TA,B,17,1,"33,959.00",33959,33959,6.67
Coordinator of Regional Math Initiatives,NONC,8/30/2023-EndOfYear,26PY,12M,CORD,NA,,1,"80,000.00",80000,67076.92,8
Teaching Assistant,SS,8/30/2023-EndOfYear,T26A,10M,TA,B,17,0.9,"33,959.00",31163.4,31163.4,6.67
Special Education Teacher,EA,8/30/2023-EndOfYear,T26A,10M,TCH,B,010,1,"66,479.00",69642,69642,7.25
Teaching Assistant,SS,8/30/2023-EndOfYear,T21A,10M,TA,B,16,1,"33,370.00",34037,34037,6.67
Special Education Teacher,EA,8/30/2023-EndOfYear,T26A,10M,TCH,B,014,1,"61,920.00",66898,66898,7.25
Special Education Teacher,EA,8/30/2023-EndOfYear,T26A,10M,TCH,A,5,1,"52,039.00",55517,55517,7.25
AccelerateU Teacher,EA,7/1/2023-EndOfYear,,,GRP6,NA,,0.01,0,0,0,7.25
AccelerateU Teacher,EA,7/1/2023-EndOfYear,,,GRP6,NA,,0.01,0,0,0,7.25
Cleaner,SS,7/1/2023-EndOfYear,26PY,12M,LAB,OFF,19,1,"37,700.00",38220,38220,8
School Aide (02),SS,11/11/2023-EndOfYear,T21A,10M,AIDE,B,26,0.75,"28,673.00",21804.75,16571.58,8
School Aide,SS,8/30/2023-EndOfYear,T26A,10M,AIDE,B,19,0.75,"25,427.00",19370.25,19370.25,8
Director of Communications,AAA,7/1/2023-EndOfYear,26PY,12M,CORD,NA,,1,"76,308.00",76308,76308,8
Special Education Teacher,EA,8/30/2023-EndOfYear,T26A,10M,TCH,B,017,1,"59,740.00",62882,62882,7.25
Physical Therapist,EA,8/30/2023-EndOfYear,T21A,10M,TCH,B,2022,1,"57,184.00",63686,63686,7.25
Teaching Assistant,SS,8/30/2023-EndOfYear,T21A,10M,TA,B,14,1,"32,190.00",32857,32857,6.67
Administrator of Online Instruction,WADU,7/1/2023-EndOfYear,26PY,12M,WADU,NA,,1,"102,316.00",102316,102316,8
Computer Services Assistant,SS,7/1/2023-EndOfYear,26PY,12M,CSA,OFF,26,1,"53,739.00",54259,54259,8
Laborer,SS,7/1/2023-EndOfYear,26PY,12M,LAB,OFF,17,1,"36,455.00",36975,36975,8
Licensed Practical Nurse,SS,8/30/2023-EndOfYear,T26A,10M,TA,B,24,1,"38,431.00",38431,38431,6.67
School Aide,SS,8/30/2023-EndOfYear,T21A,10M,AIDE,B,17,0.75,"24,600.00",18450,18450,8
Behavioral Specialist Coordinator (12M),NONC,12/5/2023-6/30/2024,26PY,12M,CORD,NA,,1,"85,845.00",85845,49195.79,8
Assistant Principal,WADU,7/1/2023-EndOfYear,26PY,12M,WADU,NA,,1,"90,543.00",90543,90543,8
Physical Education Teacher,EA,8/30/2023-EndOfYear,T26A,10M,TCH,B,013,1,"63,040.00",67329,67329,7.25
Teaching Assistant,SS,8/30/2023-EndOfYear,T26A,10M,TA,B,2024,0.9,"29,477.00",26559.32,26559.32,6.67
School Psychologist,EA,8/30/2023-EndOfYear,T21A,10M,GRP2,NA,,1,"61,678.00",61678,61678,7.25
School Counselor,EA,8/30/2023-EndOfYear,T26A,10M,GRP2,NA,,1,"68,477.00",69477,69477,7.25
School Aide,SS,8/30/2023-6/6/2024,T21A,10M,AIDE,B,21,0.75,"26,239.00",19979.25,18380.93,8
Computer Systems Analyst,SS,7/1/2023-EndOfYear,26PY,12M,WEB,OFF,29,1,"97,672.00",98192,98192,8
Coordinator Case Mgt/Student Placement,NONC,7/1/2023-EndOfYear,26PY,12M,CORD,NA,,1,"79,551.00",79551,79551,8
Staff Development Trainer,NONC,7/1/2023-EndOfYear,26PY,12M,CORD,NA,,1,"119,537.00",119537,119537,8
Teaching Assistant,SS,8/30/2023-EndOfYear,T21A,10M,TA,B,10,0.9,"30,430.00",27687.15,27687.15,6.67
School Aide,SS,8/30/2023-EndOfYear,T26A,10M,AIDE,B,21,0.75,"26,239.00",19979.25,19979.25,8
Special Education Teacher,EA,8/30/2023-EndOfYear,T21A,10M,TCH,B,014,1,"61,920.00",70254,70254,7.25
AccelerateU Teacher,EA,7/1/2023-EndOfYear,,,GRP6,NA,,0.01,0,0,0,7.25
IT Project Manager,NREP,1/9/2024-EndOfYear,26PY,12M,CONF,NA,,1,"80,000.00",80520,38401.85,8
Information Tech Network Analyst II,SS,7/1/2023-EndOfYear,26PY,12M,SNET,OFF,10,1,"87,022.00",87542,87542,8
Physical Therapist,EA,8/30/2023-EndOfYear,T21A,10M,TCH,B,97,1,"84,064.00",85064,85064,7.25
IT Support Technician II,SS,4/15/2024-EndOfYear,26PY,12M,SCSA,OFF,9,1,"57,501.00",57501,12163.67,8
Special Education Teacher,EA,8/30/2023-EndOfYear,T26A,10M,TCH,B,2022,1,"57,184.00",60284,60284,7.25
School Aide,SS,3/12/2024-EndOfYear,T21A,10M,AIDE,B,22,0.75,"26,687.00",20015.25,7305.54,8
Special Education Teacher,EA,8/30/2023-EndOfYear,T21A,10M,TCH,B,020,1,"57,802.00",61902,61902,7.25
School Aide,SS,8/30/2023-EndOfYear,T26A,10M,AIDE,B,17,0.75,"24,600.00",18750,18750,8
Occupational Therapist,EA,8/30/2023-EndOfYear,T26A,10M,TCH,B,015,1,"61,323.00",63323,63323,7.25
Occupational Therapist,EA,8/30/2023-EndOfYear,T26A,10M,TCH,B,015,1,"61,323.00",63323,63323,7.25
School Aide,SS,8/30/2023-EndOfYear,T21A,10M,AIDE,B,19,0.75,"25,427.00",19370.25,19370.25,8
Supervisor of Buildings and Grounds,NREP,3/12/2024-EndOfYear,26PY,12M,CONF,NA,,1,"86,000.00",86832,26383.57,8
Teaching Assistant,SS,8/30/2023-EndOfYear,T21A,10M,TA,B,14,0.9,"32,190.00",29571.3,29571.3,6.67
Assistant Principal,WADU,7/1/2023-EndOfYear,26PY,12M,WADU,NA,,1,"85,765.00",85765,85765,8
Assistant Principal,WADU,7/1/2023-EndOfYear,26PY,12M,WADU,NA,,1,"83,040.00",86540,86540,8
AccelerateU Teacher,EA,7/1/2023-EndOfYear,,,GRP6,NA,,0.01,0,0,0,7.25
Physical Therapist,EA,8/30/2023-EndOfYear,T26A,10M,TCH,B,010,1,"66,479.00",70547.5,70547.5,7.25
School Aide,SS,8/30/2023-EndOfYear,T21A,10M,AIDE,B,25,0.75,"28,151.00",21413.25,21413.25,8
Sr. Computer Services Assistant,SS,7/1/2023-EndOfYear,26PY,12M,SCSA,OFF,17,1,"65,477.00",65997,65997,8
School Aide,SS,8/30/2023-EndOfYear,T26A,10M,AIDE,B,17,0.75,"24,600.00",18750,18750,8
Principal Special Education,WADU,7/1/2023-EndOfYear,26PY,12M,WADU,NA,,1,"124,704.00",124704,124704,8
AccelerateU Teacher,EA,7/1/2023-EndOfYear,,,GRP6,NA,,0.01,0,0,0,7.25
AccelerateU Teacher,EA,7/1/2023-EndOfYear,,,GRP6,NA,,0.01,0,0,0,7.25
School Aide,SS,8/30/2023-EndOfYear,T26A,10M,AIDE,B,17,0.75,"24,600.00",18750,18750,8
High School Eqivalency Teacher,EA,7/1/2023-6/30/2024,26PY,12M,GRP4,NA,,1,"90,813.00",91813,91813,8
School Aide,SS,8/30/2023-EndOfYear,T26A,10M,AIDE,B,18,0.75,"25,018.00",19063.5,19063.5,8
Physical Therapist,EA,8/30/2023-EndOfYear,T26A,10M,TCH,B,014,0.8,"61,920.00",54378.4,54378.4,7.25
Speech Therapist,EA,8/30/2023-EndOfYear,T21A,10M,TCH,B,05,1,"71,215.00",74937,74937,7.25
Career and Technical Education Teacher,EA,8/30/2023-EndOfYear,T26A,10M,TCH,B,017,1,"59,740.00",63462,63462,7.25
Teaching Assistant,SS,8/30/2023-EndOfYear,T26A,10M,TA,A,7,0.9,"28,580.00",25722,25722,6.67
Principal of Special Programs,WADU,7/1/2023-EndOfYear,26PY,12M,WADU,NA,,1,"108,065.00",108065,108065,8
Cleaner,SS,7/1/2023-EndOfYear,26PY,12M,LAB,OFF,16,1,"35,833.00",36353,36353,8
Career and Technical Education Teacher,EA,8/30/2023-EndOfYear,T26A,10M,TCH,B,06,1,"70,474.00",77976,77976,7.25
School Aide,SS,8/30/2023-EndOfYear,T26A,10M,AIDE,B,17,0.75,"24,600.00",18750,18750,8
Office Manager,NREP,10/17/2023-EndOfYear,26PY,12M,CONF,NA,,1,"69,000.00",69832,49419.57,8
School Counselor,EA,8/30/2023-EndOfYear,T21A,10M,GRP2,NA,,1,"63,478.00",64478,64478,7.25
Secretary I,SS,7/1/2023-EndOfYear,26PY,12M,STEN,OFF,16,1,"38,222.00",42742,42742,8
Special Education Teacher,EA,8/30/2023-EndOfYear,T21A,10M,TCH,A,5,1,"52,039.00",52227.61,52227.61,7.25
Special Education Teacher,EA,8/30/2023-EndOfYear,T21A,10M,TCH,B,018,1,"58,935.00",63413,63413,7.25
AccelerateU Teacher,EA,7/1/2023-EndOfYear,,,GRP6,NA,,0.01,0,0,0,7.25
Information Tech Network Analyst II,SS,7/1/2023-EndOfYear,26PY,12M,SNET,OFF,9,1,"85,718.00",86238,86238,8
Assistant Principal,WADU,7/1/2023-EndOfYear,26PY,12M,WADU,NA,,1,"90,031.00",90031,90031,8
School Aide,SS,8/30/2023-EndOfYear,T21A,10M,AIDE,B,17,0.75,"24,600.00",18750,18750,8
School Business Executive I,AA,1/9/2024-EndOfYear,26PY,12M,ADM,NA,,1,"120,000.00",120000,57230.77,8
Special Education Teacher,EA,8/30/2023-EndOfYear,T21A,10M,TCH,B,019,1,"58,084.00",61806,61806,7.25
Special Education Teacher,EA,8/30/2023-5/21/2024,T21A,10M,TCH,A,11,1,"56,260.00",59982,51584.52,7.25
Special Education Teacher,EA,8/30/2023-EndOfYear,T26A,10M,TCH,B,019,1,"58,084.00",63129,63129,7.25
School Aide,SS,8/30/2023-EndOfYear,T21A,10M,AIDE,B,20,0.75,"25,768.00",19326,19326,8
School Aide,SS,8/30/2023-EndOfYear,T21A,10M,AIDE,B,18,0.75,"25,018.00",19063.5,19063.5,8
Multi-Tiered Systems of Support Coord,NONC,7/1/2023-EndOfYear,26PY,12M,CORD,NA,,1,"93,643.00",93643,93643,8
Special Education Teacher,EA,8/30/2023-EndOfYear,T21A,10M,TCH,B,2022,1,"57,184.00",60662,60662,7.25
Physical Education Teacher,EA,8/30/2023-EndOfYear,T21A,10M,TCH,B,018,1,"58,935.00",62657,62657,7.25
Teaching Assistant,SS,8/30/2023-EndOfYear,T26A,10M,TA,A,7,0.9,"28,580.00",25722,25722,6.67
School Aide,SS,8/30/2023-EndOfYear,T21A,10M,AIDE,B,17,0.75,"24,600.00",18750,18750,8
Teaching Assistant,SS,8/30/2023-EndOfYear,T21A,10M,TA,B,2024,0.9,"29,477.00",26529.3,26529.3,6.67
AccelerateU Teacher,EA,7/1/2023-EndOfYear,,,GRP6,NA,,0.01,0,0,0,7.25
Speech Therapist,EA,8/30/2023-EndOfYear,T21A,10M,TCH,B,013,1,"63,040.00",66182,66182,7.25
AccelerateU Teacher,EA,7/1/2023-EndOfYear,,,GRP6,NA,,0.01,0,0,0,7.25
Teaching Assistant,SS,8/30/2023-EndOfYear,T21A,10M,TA,B,15,1,"32,760.00",33427,33427,6.67
Registered Professional Nurse (12M),SS,7/1/2023-EndOfYear,26PY,12M,RN12,B,,1,"68,527.00",72473.35,72473.35,8
IT Support Technician II,SS,7/1/2023-EndOfYear,26PY,12M,SCSA,OFF,2024,1,"56,616.00",57136,57136,8
Teaching Assistant,SS,8/30/2023-EndOfYear,T26A,10M,TA,B,29,1,"42,433.00",42766.5,42766.5,6.67
Occupational Therapist,EA,8/30/2023-EndOfYear,T21A,10M,TCH,B,00,1,"79,126.00",80126,80126,7.25
School Aide,SS,8/30/2023-EndOfYear,T26A,10M,AIDE,B,18,0.75,"25,018.00",19063.5,19063.5,8
Public Information Coordinator,NONC,7/1/2023-EndOfYear,26PY,12M,CORD,NA,,0.6,"90,182.00",54109.2,54109.2,8
Occupational Therapist,EA,8/30/2023-EndOfYear,T26A,10M,TCH,B,08,1,"68,741.00",70741,70741,7.25
AccelerateU Teacher,EA,7/1/2023-EndOfYear,,,GRP6,NA,,0.01,0,0,0,7.25
School Aide,SS,8/30/2023-EndOfYear,T26A,10M,AIDE,B,18,0.75,"25,018.00",19063.5,19063.5,8
Speech Therapist,EA,8/30/2023-EndOfYear,T21A,10M,TCH,B,04,1,"71,904.00",76193,76193,7.25
Purchasing Director,WADU,7/1/2023-EndOfYear,26PY,12M,WADU,NA,,1,"85,008.00",85008,85008,8
Financial Aid Coordinator,NONC,7/1/2023-EndOfYear,26PY,12M,CORD,NA,,1,"69,306.00",69306,69306,8
Registered Professional Nurse (10M),SS,8/30/2023-EndOfYear,T26A,10M,RPN,B,29,1,"53,221.00",56215.55,56215.55,6.67
AccelerateU Teacher,EA,7/1/2023-EndOfYear,,,GRP6,NA,,0.01,0,0,0,7.25
Teaching Assistant,SS,8/30/2023-EndOfYear,T21A,10M,TA,B,17,0.9,"33,959.00",30863.25,30863.25,6.67
Shared Data Coordinator (TRS),NONC,7/1/2023-EndOfYear,26PY,12M,CORD,NA,,1,"85,326.00",85326,85326,8
Special Education Teacher,EA,8/30/2023-EndOfYear,T21A,10M,TCH,B,019,1,"58,084.00",62696,62696,7.25
Typist (12M),SS,7/1/2023-EndOfYear,26PY,12M,TYP,OFF,10,1,"34,601.00",34601,34601,8
Teaching Assistant,SS,8/30/2023-EndOfYear,T26A,10M,TA,B,2024,0.9,"29,477.00",26829.45,26829.45,6.67
Special Education Teacher,EA,8/30/2023-EndOfYear,T26A,10M,TCH,B,012,1,"64,162.00",66884,66884,7.25
Special Education Teacher,EA,8/30/2023-EndOfYear,T26A,10M,TCH,B,010,1,"66,479.00",73981,73981,7.25
Physical Therapist,EA,8/30/2023-EndOfYear,T26A,10M,TCH,B,017,1,"59,740.00",65415,65415,7.25
Secretary to DS/Board Clerk,OTHR,7/1/2023-EndOfYear,26PY,12M,OTHR,NA,,1,"72,807.00",72807,72807,8
Physical Education Teacher,EA,8/30/2023-EndOfYear,T26A,10M,TCH,B,019,1,"58,084.00",61806,61806,7.25
Teaching Assistant,SS,8/30/2023-EndOfYear,T21A,10M,TA,B,9,0.9,"29,948.00",27553.5,27553.5,6.67
Career and Technical Education Teacher,EA,8/30/2023-EndOfYear,T26A,10M,TCH,B,011,1,"65,359.00",66359,66359,7.25
School to Work Coordinator,EA,8/30/2023-EndOfYear,T21A,10M,TCH,B,019,1,"58,084.00",61869,61869,7.25
Information Tech Network Analyst II,SS,7/1/2023-EndOfYear,26PY,12M,SNET,OFF,15,1,"93,939.00",94329,94329,8
Teaching Assistant,SS,8/30/2023-EndOfYear,T21A,10M,TA,B,2024,0.9,"29,477.00",27129.6,27129.6,6.67
Administrative Aide,NREP,7/1/2023-EndOfYear,26PY,12M,CONF,NA,,1,"59,399.00",60231,60231,8
School Aide,SS,8/30/2023-EndOfYear,T21A,10M,AIDE,B,17,0.75,"24,600.00",18690,18690,8
School Lunch Manager,NREP,7/1/2023-EndOfYear,26PY,12M,OTHR,NA,,0.8,"69,716.00",56438.4,56438.4,8
Information Tech Network Analyst II,SS,7/1/2023-EndOfYear,26PY,12M,SNET,OFF,9,1,"85,718.00",85718,85718,8
Special Education Teacher,EA,8/30/2023-EndOfYear,T26A,10M,TCH,B,2022,1,"57,184.00",60406,60406,7.25
Clinical Support Personnel,NONE,8/30/2023-EndOfYear,,10M,CORD,NA,,0,40,0,0,7.25
Assistant Principal,WADU,3/1/2024-EndOfYear,26PY,12M,WADU,NA,,1,"85,625.00",85625,28322.12,8
Special Education Teacher,EA,8/30/2023-EndOfYear,T21A,10M,TCH,A,8,1,"54,537.00",58389,58389,7.25
Occupational Therapist,EA,8/30/2023-EndOfYear,T21A,10M,TCH,B,08,1,"68,741.00",70241,70241,7.25
Occupational Therapist,EA,8/30/2023-EndOfYear,T21A,10M,TCH,B,010,1,"66,479.00",67979,67979,7.25
Special Education Teacher,EA,8/30/2023-EndOfYear,T21A,10M,TCH,B,015,1,"61,323.00",65112,65112,7.25
School Aide (02),SS,8/30/2023-EndOfYear,T26A,10M,AIDE,B,17,0.75,"24,600.00",18450,18450,8
Payroll Supervisor,NREP,4/11/2024-EndOfYear,26PY,12M,CONF,NA,,1,"79,735.00",80567,17662.77,8
Sr. Application Support Services Asst.,SS,7/1/2023-EndOfYear,26PY,12M,SCSA,OFF,15,1,"63,056.00",63056,63056,8
Teaching Assistant,SS,8/30/2023-EndOfYear,T21A,10M,TA,B,2024,0.9,"29,477.00",26829.45,26829.45,6.67
Assistant Principal,WADU,7/1/2023-EndOfYear,26PY,12M,WADU,NA,,1,"85,069.00",85069,85069,8
Information Security Analyst,NREP,7/6/2023-EndOfYear,26PY,12M,CONF,NA,,1,"88,000.00",88832,87807.02,8
Payroll Specialist,NREP,7/1/2023-EndOfYear,26PY,12M,CONF,NA,,1,"62,800.00",63632,63632,8
AccelerateU Teacher,EA,7/1/2023-EndOfYear,,,GRP6,NA,,0.01,0,0,0,7.25
Speech Therapist,EA,8/30/2023-EndOfYear,T26A,10M,TCH,B,2022,1,"57,184.00",61540,61540,7.25
Career and Technical Education Teacher,EA,8/30/2023-6/30/2024,T26A,10M,TCH,B,03,1,"73,705.00",74205,74205,7.25
Special Education Teacher,EA,8/30/2023-EndOfYear,T21A,10M,TCH,A,11,1,"56,260.00",60238,60238,7.25
School Psychologist,EA,5/6/2024-EndOfYear,T21A,10M,GRP2,NA,,1,"64,587.00",64587,11948.58,7.25
Special Education Teacher,EA,8/30/2023-EndOfYear,T26A,10M,TCH,B,019,1,"58,084.00",61751,61751,7.25
Accountant I,SS,7/1/2023-EndOfYear,26PY,12M,SCSR,OFF,,1,"66,571.00",66571,66571,8
Teaching Assistant,SS,8/30/2023-EndOfYear,T21A,10M,TA,B,11,0.9,"30,879.00",28091.25,28091.25,6.67
Cleaner,SS,7/1/2023-EndOfYear,26PY,12M,LAB,OFF,12,1,"33,664.00",33664,33664,8
Clinical Support Personnel,NONE,8/30/2023-EndOfYear,,10M,OTHR,NA,,0,40,0,0,7.25
Teaching Assistant,SS,8/30/2023-EndOfYear,T21A,10M,TA,B,12,0.9,"31,310.00",28479.15,28479.15,6.67
Secretary I,SS,9/12/2023-EndOfYear,26PY,12M,STEN,OFF,15,1,"37,533.00",39533,32170.76,8
School Aide,SS,8/30/2023-EndOfYear,T21A,10M,AIDE,B,17,0.75,"24,600.00",18450,18450,8
School Aide,SS,8/30/2023-EndOfYear,T26A,10M,AIDE,B,17,0.75,"24,600.00",18450,18450,8
Special Education Teacher,EA,8/30/2023-EndOfYear,T21A,10M,TCH,A,10,1,"55,796.00",59018,59018,7.25
Career and Technical Education Teacher,EA,8/30/2023-EndOfYear,T26A,10M,TCH,B,017,1,"59,740.00",60240,60240,7.25
School Psychologist,EA,8/30/2023-EndOfYear,T26A,10M,GRP2,NA,,1,"64,022.00",64522,64522,7.25
Payroll Specialist,NREP,7/1/2023-EndOfYear,26PY,12M,CONF,NA,,1,"60,526.00",61358,61358,8
Executive Coordinator of Section V Athle,NONC,7/1/2023-EndOfYear,26PY,12M,OTHR,NA,,1,"125,000.00",125000,125000,8
Sr. Account Clerk Typist,SS,7/1/2023-EndOfYear,26PY,12M,BMM,OFF,27,1,"52,338.00",52338,52338,8
Occupational Therapist,EA,8/30/2023-EndOfYear,T21A,10M,TCH,A,7,1,"53,742.00",57090,57090,7.25
Clinical Support Personnel,NONE,8/30/2023-EndOfYear,,10M,OTHR,NA,,0,40,0,0,7.25
AccelerateU Teacher,EA,7/1/2023-EndOfYear,,,GRP6,NA,,0.01,0,0,0,7.25
Information Tech Network Analyst II,SS,7/1/2023-EndOfYear,26PY,12M,SNET,OFF,10,1,"87,022.00",87022,87022,8
Accountant I,SS,7/1/2023-EndOfYear,26PY,12M,SCSR,OFF,,1,"65,193.00",65193,65193,8
Sr. Account Clerk Typist,SS,7/1/2023-EndOfYear,26PY,12M,BMM,OFF,23,0.8,"48,532.00",38825.6,38825.6,8
School Aide,SS,8/30/2023-EndOfYear,T26A,10M,AIDE,B,19,0.75,"25,427.00",19070.25,19070.25,8
School Aide,SS,8/30/2023-EndOfYear,T21A,10M,AIDE,B,17,0.75,"24,600.00",18450,18450,8
Student Services Specialist (ERS),NONC,7/1/2023-EndOfYear,26PY,12M,CORD,NA,,1,"80,341.00",80341,80341,8
Special Education Teacher,EA,8/30/2023-EndOfYear,T21A,10M,TCH,A,2,1,"49,672.00",50172,50172,7.25
School Aide,SS,8/30/2023-EndOfYear,T21A,10M,AIDE,B,29,0.75,"30,512.00",22884,22884,8
Registered Professional Nurse (10M),SS,8/30/2023-EndOfYear,T26A,10M,RPN,B,22,1,"46,300.00",48615,48615,6.67
Special Education Teacher,EA,8/30/2023-EndOfYear,T26A,10M,TCH,A,7,1,"53,742.00",56464,56464,7.25
Principal Special Education,WADU,7/1/2023-EndOfYear,26PY,12M,WADU,NA,,1,"113,928.00",113928,113928,8
Teaching Assistant,SS,8/30/2023-EndOfYear,T21A,10M,TA,A,7,0.9,"28,580.00",26022.15,26022.15,6.67
Licensed Practical Nurse,SS,8/30/2023-EndOfYear,T26A,10M,TA,B,10,1,"30,430.00",30430,30430,6.67
Sr. Computer Services Assistant,SS,7/1/2023-EndOfYear,26PY,12M,SCSA,OFF,16,1,"64,286.00",64286,64286,8
Buyer,NREP,7/1/2023-EndOfYear,26PY,12M,CONF,NA,,1,"62,246.00",63078,63078,8
Career and Technical Education Teacher,EA,8/30/2023-EndOfYear,T26A,10M,TCH,B,00,1,"79,126.00",83482,83482,7.25
Student Services Specialist (TRS),NONC,7/1/2023-EndOfYear,26PY,12M,CORD,NA,,1,"88,982.00",88982,88982,8
School Aide,SS,8/30/2023-EndOfYear,T26A,10M,AIDE,B,20,0.75,"25,768.00",19326,19326,8
School Aide,SS,8/30/2023-EndOfYear,T21A,10M,AIDE,B,17,0.75,"24,600.00",18450,18450,8
Teaching Assistant,SS,8/30/2023-6/30/2024,T21A,10M,TA,A,5,0.9,"27,720.00",24948,24948,6.67
Teaching Assistant,SS,8/30/2023-EndOfYear,T26A,10M,TA,B,13,0.9,"31,746.00",28571.4,28571.4,6.67
Information Tech Network Analyst II,SS,7/1/2023-EndOfYear,26PY,12M,SNET,OFF,9,1,"85,718.00",85718,85718,8
Teaching Assistant,SS,8/30/2023-EndOfYear,T26A,10M,TA,B,10,0.9,"30,430.00",27687.15,27687.15,6.67
IT Support Technician II,SS,7/1/2023-EndOfYear,26PY,12M,SCSA,OFF,2024,1,"56,616.00",56616,56616,8
Teaching Assistant,SS,8/30/2023-EndOfYear,T21A,10M,TA,A,6,0.9,"28,143.00",25328.7,25328.7,6.67
Career and Technical Education Teacher,EA,8/30/2023-EndOfYear,T26A,10M,TCH,A,12,1,"56,736.00",61789,61789,7.25
Secretary I,SS,7/1/2023-EndOfYear,26PY,12M,STEN,OFF,33,1,"56,034.00",56034,56034,8
Registered Professional Nurse (12M),SS,7/1/2023-EndOfYear,26PY,12M,RN12,B,,1,"68,527.00",71953.35,71953.35,8
Licensed Practical Nurse,SS,8/30/2023-EndOfYear,T21A,10M,TA,B,9,1,"29,948.00",29948,29948,6.67
Speech Therapist,EA,8/30/2023-EndOfYear,T21A,10M,TCH,A,5,1,"52,039.00",57777,57777,7.25
Manager of Project Coordination,NONC,7/1/2023-EndOfYear,26PY,12M,CORD,NA,,1,"99,648.00",99648,99648,8
Payroll Specialist,NREP,7/1/2023-EndOfYear,26PY,12M,CONF,NA,,1,"57,626.00",58458,58458,8
Occupational Therapist,EA,1/3/2024-EndOfYear,T21A,10M,TCH,A,8,1,"54,537.00",58448,34894.3,7.25
Teaching Assistant,SS,8/30/2023-6/30/2024,T21A,10M,TA,B,2024,0.9,"29,477.00",26829.45,26829.45,6.67
Sr. Computer Services Assistant,SS,7/1/2023-EndOfYear,26PY,12M,SCSA,OFF,10,1,"58,402.00",58402,58402,8
Speech Therapist,EA,8/30/2023-EndOfYear,T21A,10M,TCH,A,11,1,"56,260.00",61616,61616,7.25
Coordinator of Special Education Data,NONC,7/1/2023-EndOfYear,26PY,12M,CORD,NA,,1,"94,889.00",94889,94889,8
School Aide,SS,8/30/2023-EndOfYear,T21A,10M,AIDE,B,24,0.75,"27,640.00",20730,20730,8
Special Education Teacher,EA,8/30/2023-EndOfYear,T26A,10M,TCH,A,10,1,"55,796.00",59274,59274,7.25
School Bus Driver,NREP,8/30/2023-EndOfYear,T26A,10M,,,,1,"36,366.00",36366,36366,8
School Counselor,EA,8/30/2023-EndOfYear,T21A,10M,GRP2,NA,,1,"65,725.00",66225,66225,7.25
School Aide,SS,8/30/2023-EndOfYear,T26A,10M,AIDE,B,17,0.75,"24,600.00",18450,18450,8
AccelerateU Teacher,EA,7/1/2023-EndOfYear,,,GRP6,NA,,0.01,0,0,0,7.25
Network Engineer I,SS,7/1/2023-EndOfYear,26PY,12M,SCSA,N/A,7,1,"54,909.51",54909.51,54909.51,8
Administrative Aide,NREP,11/20/2023-EndOfYear,26PY,12M,CONF,NA,,1,"48,786.00",48786,30022.15,8
Teaching Assistant,SS,8/30/2023-EndOfYear,T21A,10M,TA,A,3,0.9,"26,913.00",24221.7,24221.7,6.67
Teaching Assistant,SS,8/30/2023-EndOfYear,T26A,10M,TA,A,5,0.9,"27,720.00",24948,24948,6.67
Teaching Assistant,SS,8/30/2023-EndOfYear,T26A,10M,TA,A,6,0.9,"28,143.00",25628.85,25628.85,6.67
Teaching Assistant,SS,8/30/2023-EndOfYear,T21A,10M,TA,A,7,0.9,"28,580.00",25722,25722,6.67
Manager of Administrative Systems,NONC,7/1/2023-EndOfYear,26PY,12M,CORD,NA,,1,"93,420.00",93420,93420,8
School Aide,SS,8/30/2023-EndOfYear,T21A,10M,AIDE,B,17,0.75,"24,600.00",18450,18450,8
Teaching Assistant,SS,8/30/2023-EndOfYear,T26A,10M,TA,B,2024,0.9,"29,477.00",26529.3,26529.3,6.67
School Aide,SS,8/30/2023-EndOfYear,T21A,10M,AIDE,B,17,0.75,"24,600.00",18450,18450,8
Sr. Account Clerk Typist,SS,4/11/2024-EndOfYear,26PY,12M,BMM,OFF,14,1,"41,600.00",47680,11882.47,8
Purchasing Assistant,SS,7/1/2023-EndOfYear,26PY,12M,BMM,OFF,16,1,"43,112.00",43112,43112,8
Network Engineer II,SS,7/1/2023-EndOfYear,26PY,12M,SNET,N/A,6,1,"80,797.22",80797.22,80797.22,8
School Psychologist,EA,8/30/2023-EndOfYear,T21A,10M,GRP2,NA,,1,"60,566.00",61566,61566,7.25
Teaching Assistant,SS,8/30/2023-EndOfYear,T21A,10M,TA,B,10,0.9,"30,430.00",27687.15,27687.15,6.67
Special Education Teacher,EA,8/30/2023-EndOfYear,T21A,10M,TCH,A,2,1,"49,672.00",49672,49672,7.25
Student Services Specialist (ERS),NONC,7/1/2023-EndOfYear,26PY,12M,CORD,NA,,1,"76,711.00",76711,76711,8
Cleaner,SS,7/1/2023-EndOfYear,26PY,12M,LAB,OFF,13,1,"34,123.00",34123,34123,8
Occupational Therapist,EA,8/30/2023-EndOfYear,T26A,10M,TCH,B,019,1,"58,084.00",61995,61995,7.25
Speech Therapist,EA,8/30/2023-EndOfYear,T26A,10M,TCH,B,018,1,"58,935.00",64295,64295,7.25
Career and Technical Education Teacher,EA,8/30/2023-EndOfYear,T26A,10M,TCH,B,010,1,"66,479.00",66479,66479,7.25
Physical Therapist,EA,8/30/2023-EndOfYear,T26A,10M,TCH,B,015,1,"61,323.00",66313,66313,7.25
Teaching Assistant,SS,8/30/2023-EndOfYear,T26A,10M,TA,A,6,0.9,"28,143.00",25628.85,25628.85,6.67
Payroll Supervisor (02),NREP,5/1/2024-EndOfYear,26PY,12M,CONF,NA,,1,"77,500.00",77500,12817.31,8
Career and Technical Education Teacher,EA,8/30/2023-EndOfYear,T21A,10M,TCH,B,015,1,"61,323.00",63213,63213,7.25
Library Media Specialist (10M),NONC,8/30/2023-EndOfYear,T26A,10M,CORD,NA,,1,"72,854.00",72854,72854,8
Special Education Teacher,EA,8/30/2023-EndOfYear,T21A,10M,TCH,A,11,1,"56,260.00",60116,60116,7.25
Cleaner,SS,7/1/2023-EndOfYear,26PY,12M,LAB,OFF,16,1,"35,833.00",35833,35833,8
School Aide,SS,1/11/2024-6/30/2024,T21A,10M,AIDE,A,6,0.75,"26,238.67",19679,11020.28,8
School Aide,SS,8/30/2023-EndOfYear,T26A,10M,AIDE,B,17,0.75,"24,600.00",18450,18450,8
Teaching Assistant,SS,8/30/2023-EndOfYear,T26A,10M,TA,A,4,0.82,"27,310.00",22394.2,22394.2,6.67
Payroll Specialist,NREP,7/1/2023-EndOfYear,26PY,12M,CONF,NA,,1,"54,697.00",54697,54697,8
School Business Official,AA,7/1/2023-EndOfYear,26PY,12M,ADM,NA,,1,"96,769.00",96769,96769,8
Sr. Application Support Services Asst.,SS,7/1/2023-EndOfYear,26PY,12M,SCSA,N/A,6,1,"54,119.00",54119,54119,8
Teaching Assistant,SS,8/30/2023-EndOfYear,T21A,10M,TA,B,2024,0.9,"29,477.00",26829.45,26829.45,6.67
Teaching Assistant,SS,8/30/2023-EndOfYear,T21A,10M,TA,A,6,0.9,"28,143.00",25328.7,25328.7,6.67
Sr Account Clerk,SS,7/1/2023-EndOfYear,26PY,12M,BMM,OFF,16,1,"43,112.00",43112,43112,8
Student Services Specialist (TRS),NONC,7/1/2023-EndOfYear,26PY,12M,CORD,NA,,1,"76,763.00",76763,76763,8
Teaching Assistant,SS,8/30/2023-EndOfYear,T21A,10M,TA,A,7,0.9,"28,580.00",26022.15,26022.15,6.67
Grants Service Coordinator (LRS),NONC,7/1/2023-EndOfYear,26PY,12M,CORD,NA,,1,"96,534.00",96534,96534,8
IT Project Manager,NREP,7/1/2023-EndOfYear,26PY,12M,CONF,NA,,1,"93,420.00",93420,93420,8
Network Engineer II,SS,7/1/2023-EndOfYear,26PY,12M,SNET,N/A,3,1,"77,472.00",77472,77472,8
Typist (12M),SS,7/1/2023-EndOfYear,26PY,12M,TYP,OFF,9,0.5,"34,119.00",17059.5,17059.5,8
School Aide,SS,8/30/2023-EndOfYear,T21A,10M,AIDE,B,17,0.75,"24,600.00",18450,18450,8
School Aide,SS,8/30/2023-EndOfYear,T21A,10M,AIDE,B,17,0.75,"24,600.00",18450,18450,8
Physical Therapist,EA,8/30/2023-EndOfYear,T26A,10M,TCH,B,021,1,"57,464.00",57464,57464,7.25
Career and Technical Education Teacher,EA,8/30/2023-EndOfYear,T26A,10M,TCH,B,019,1,"58,084.00",58084,58084,7.25
School Lunch Manager,NREP,7/1/2023-EndOfYear,26PY,12M,OTHR,NA,,0.8,"63,738.00",50990.4,50990.4,8
Network Engineer II,SS,7/1/2023-EndOfYear,26PY,12M,SNET,N/A,3,1,"77,470.82",77470.82,77470.82,8
Teaching Assistant,SS,8/30/2023-EndOfYear,T21A,10M,TA,A,6,0.9,"28,143.00",25628.85,25628.85,6.67
Physical Therapist,EA,8/30/2023-EndOfYear,T26A,10M,TCH,B,015,1,"61,323.00",65368,65368,7.25
Speech Therapist,EA,8/30/2023-EndOfYear,T26A,10M,TCH,B,012,1,"64,162.00",69018,69018,7.25
Coordinator of Special Education Data,NONC,7/1/2023-EndOfYear,26PY,12M,CORD,NA,,1,"86,769.00",86769,86769,8
Speech Therapist,EA,8/30/2023-EndOfYear,T21A,10M,TCH,B,019,1,"58,084.00",62940,62940,7.25
Sr. Computer Services Assistant,SS,7/1/2023-EndOfYear,26PY,12M,SCSA,OFF,14,1,"61,912.00",61912,61912,8
School Aide,SS,8/30/2023-EndOfYear,T21A,10M,AIDE,B,17,0.75,"24,600.00",18450,18450,8
Career and Technical Education Teacher,EA,8/30/2023-EndOfYear,T26A,10M,TCH,A,9,1,"55,342.00",55342,55342,7.25
School Aide,SS,8/30/2023-EndOfYear,T21A,10M,AIDE,B,17,0.75,"24,600.00",18450,18450,8
Teaching Assistant,SS,8/30/2023-EndOfYear,T21A,10M,TA,A,6,0.9,"28,143.00",25328.7,25328.7,6.67
School Aide,SS,8/30/2023-EndOfYear,T21A,10M,AIDE,B,17,0.75,"24,600.00",18450,18450,8
School Psychologist,EA,8/30/2023-EndOfYear,T21A,10M,GRP2,NA,,1,"62,619.00",62619,62619,7.25
Clinical Teacher (Hourly),EA,8/30/2023-EndOfYear,T21A,10M,TCH,,,0,38.47,0,0,7.25
Career and Technical Education Teacher,EA,8/30/2023-EndOfYear,T26A,10M,TCH,B,021,1,"57,464.00",57464,57464,7.25
School Aide,SS,8/30/2023-EndOfYear,T21A,10M,AIDE,B,17,0.75,"24,600.00",18450,18450,8
Teaching Assistant,SS,8/30/2023-6/30/2024,T21A,10M,TA,A,7,0.9,"28,580.00",25722,25722,6.67
Occupational Therapist,EA,8/30/2023-EndOfYear,T26A,10M,TCH,A,8,1,"54,537.00",58448,58448,7.25
English as a New Language Teacher,EA,8/30/2023-EndOfYear,T21A,10M,TCH,A,12,1,"56,736.00",60025,60025,7.25
Special Education Teacher,EA,8/30/2023-EndOfYear,T26A,10M,TCH,B,018,1,"58,935.00",62224,62224,7.25
Teaching Assistant,SS,8/30/2023-EndOfYear,T26A,10M,TA,A,6,0.9,"28,143.00",25328.7,25328.7,6.67
School Aide,SS,8/30/2023-6/26/2024,T21A,10M,AIDE,B,17,0.75,"24,600.00",18450,18450,8
AccelerateU Teacher,EA,7/1/2023-EndOfYear,,,GRP6,NA,,0.01,0,0,0,7.25
Cleaner,SS,7/1/2023-EndOfYear,26PY,12M,LAB,OFF,11,0.5,"33,211.00",16605.5,16605.5,8
Science Teacher,EA,8/30/2023-EndOfYear,T21A,10M,TCH,A,9,1,"55,342.00",58663,58663,7.25
Physical Education Teacher,EA,8/30/2023-EndOfYear,T26A,10M,TCH,B,013,1,"63,040.00",65951,65951,7.25
Network Engineer II,SS,10/17/2023-EndOfYear,26PY,12M,SNET,N/A,2,1,"76,427.16",76427.16,54086.91,8
Payroll Specialist,NREP,2/12/2024-EndOfYear,26PY,12M,CONF,NA,,1,"57,250.00",57250,22019.23,8
Occupational Therapist,EA,8/30/2023-EndOfYear,T26A,10M,TCH,B,014,1,"61,920.00",61920,61920,7.25
Career and Technical Education Teacher,EA,8/30/2023-EndOfYear,T21A,10M,TCH,B,02.1,1,"73,140.00",73972,73972,7.25
Special Education Teacher,EA,8/30/2023-EndOfYear,T26A,10M,TCH,A,11,1,"56,260.00",59360,59360,7.25
School Social Worker (10 M),EA,8/30/2023-EndOfYear,T26A,10M,TCH,B,017,1,"59,740.00",63029,63029,7.25
Teaching Assistant,SS,8/30/2023-EndOfYear,T26A,10M,TA,A,7,0.9,"28,580.00",25722,25722,6.67
Special Education Teacher,EA,8/30/2023-EndOfYear,T26A,10M,TCH,B,2022,1,"57,184.00",63195,63195,7.25
Special Education Teacher,EA,8/30/2023-EndOfYear,T26A,10M,TCH,A,9,1,"55,342.00",58064,58064,7.25
HVAC Service Engineer,SS,7/1/2023-EndOfYear,26PY,12M,HVAC,OFF,28,1,"69,556.00",69556,69556,8
Career and Technical Education Teacher,EA,8/30/2023-EndOfYear,T21A,10M,TCH,B,2022,1,"57,184.00",57184,57184,7.25
Teaching Assistant,SS,8/30/2023-EndOfYear,T26A,10M,TA,B,10,0.9,"30,430.00",27687.15,27687.15,6.67
School Aide,SS,8/30/2023-EndOfYear,T26A,10M,AIDE,B,17,0.75,"24,600.00",18450,18450,8
Assistant Principal,WADU,10/17/2023-EndOfYear,26PY,12M,WADU,NA,,1,"80,000.00",80000,56615.39,8
Building Maintenance Mechanic,SS,7/1/2023-EndOfYear,26PY,12M,BMM,OFF,11,1,"39,921.00",39921,39921,8
School Aide,SS,8/30/2023-EndOfYear,T21A,10M,AIDE,B,17,0.75,"24,600.00",18450,18450,8
Stock Clerk II,SS,7/1/2023-EndOfYear,26PY,12M,SCSA,N/A,7,1,"54,909.51",54909.51,54909.51,8
School Aide,SS,8/30/2023-EndOfYear,T26A,10M,AIDE,B,20,0.75,"25,768.00",19326,19326,8
Application Support Services Asst II,SS,7/1/2023-EndOfYear,26PY,12M,SCSA,N/A,8,1,"55,752.54",55752.54,55752.54,8
Special Education Teacher,EA,8/30/2023-EndOfYear,T21A,10M,TCH,B,020,1,"57,802.00",60524,60524,7.25
Occupational Therapist,EA,8/30/2023-EndOfYear,T21A,10M,TCH,B,012,1,"64,162.00",65162,65162,7.25
Messenger,SS,7/1/2023-EndOfYear,26PY,12M,TYP,OFF,14,1,"36,512.00",36512,36512,8
Special Education Teacher,EA,8/30/2023-EndOfYear,T26A,10M,TCH,A,9,1,"55,342.00",55342,55342,7.25
Registered Professional Nurse (10M),SS,8/30/2023-EndOfYear,T21A,10M,RPN,B,18,1,"43,191.00",45350.55,45350.55,6.67
Occupational Therapist,EA,8/30/2023-EndOfYear,T26A,10M,TCH,A,8,1,"54,537.00",58385,58385,7.25
Teaching Assistant,SS,8/30/2023-EndOfYear,T21A,10M,TA,A,3,0.9,"26,913.00",24221.7,24221.7,6.67
Sr. Account Clerk Typist,SS,7/1/2023-EndOfYear,26PY,12M,BMM,OFF,20,1,"46,020.00",46020,46020,8
Speech Therapist,EA,8/30/2023-EndOfYear,T26A,10M,TCH,B,017,1,"59,740.00",64911,64911,7.25
Building Maintenance Mechanic,SS,7/1/2023-EndOfYear,26PY,12M,BMM,N/A,7,1,"37,291.00",37291,37291,8
Career and Technical Education Teacher,EA,8/30/2023-EndOfYear,T21A,10M,TCH,A,7,1,"53,742.00",56937,56937,7.25
Staff Development Trainer,NONC,7/1/2023-EndOfYear,26PY,12M,CORD,NA,,1,"83,040.00",83040,83040,8
Special Education Teacher,EA,8/30/2023-EndOfYear,T21A,10M,TCH,A,6,1,"52,884.00",53716,53716,7.25
Sr Account Clerk,SS,7/1/2023-EndOfYear,26PY,12M,BMM,OFF,25,1,"50,390.00",50390,50390,8
Principal Special Education,WADU,7/1/2023-EndOfYear,26PY,12M,WADU,NA,,1,"102,637.00",102637,102637,8
School Social Worker (10 M),EA,5/13/2024-6/30/2024,T26A,10M,TCH,A,1,1,"48,932.00",48932,7829.12,7.25
Coordinator of Technology Integration,NONC,7/1/2023-EndOfYear,26PY,12M,CORD,NA,,1,"72,660.00",72660,72660,8
Computer Services Assistant,SS,7/1/2023-EndOfYear,26PY,12M,CSA,OFF,13,1,"42,920.00",42920,42920,8
Coordinator of Data Integration,NONC,7/1/2023-EndOfYear,26PY,12M,CORD,NA,,1,"85,697.00",85697,85697,8
Tutor (Certified),NONE,7/1/2023-EndOfYear,,,OTHR,NA,,0,36.5,0,0,7.25
School Aide,SS,10/23/2023-EndOfYear,T21A,10M,AIDE,B,18,0.75,"25,018.00",18763.5,15667.52,8
Teaching Assistant,SS,8/30/2023-EndOfYear,T26A,10M,TA,A,5,0.9,"27,720.00",24948,24948,6.67
Physical Therapist,EA,8/30/2023-EndOfYear,T26A,10M,TCH,B,021,1,"57,464.00",63966,63966,7.25
Special Education Teacher,EA,8/30/2023-EndOfYear,T21A,10M,TCH,A,8,1,"54,537.00",58015,58015,7.25
Special Education Teacher,EA,8/30/2023-EndOfYear,T26A,10M,TCH,A,9,1,"55,342.00",59009,59009,7.25
Special Education Teacher,EA,8/30/2023-EndOfYear,T26A,10M,TCH,B,019,1,"58,084.00",61373,61373,7.25
School Psychologist,EA,8/30/2023-EndOfYear,T21A,10M,GRP2,NA,,1,"61,678.00",61678,61678,7.25
Shared Data Coordinator (ERS),NONC,7/1/2023-EndOfYear,26PY,12M,CORD,NA,,1,"76,086.00",76086,76086,8
Career and Technical Education Teacher,EA,8/30/2023-EndOfYear,T26A,10M,TCH,B,09,1,"67,601.00",67601,67601,7.25
Occupational Therapist,EA,8/30/2023-EndOfYear,T26A,10M,TCH,A,12,1,"56,736.00",60647,60647,7.25
Teaching Assistant,SS,8/30/2023-EndOfYear,T26A,10M,TA,B,20,0.9,"35,657.00",32091.3,32091.3,6.67
Payroll Specialist,NREP,7/1/2023-EndOfYear,26PY,12M,CONF,NA,,1,"54,178.00",54178,54178,8
Special Education Teacher,EA,8/30/2023-EndOfYear,T26A,10M,TCH,A,11,1,"56,260.00",59738,59738,7.25
School Aide,SS,8/30/2023-EndOfYear,T21A,10M,AIDE,B,20,0.75,"25,768.00",19326,19326,8
School Aide,SS,8/30/2023-EndOfYear,T26A,10M,AIDE,B,20,0.75,"25,768.00",19326,19326,8
Teaching Assistant,SS,8/30/2023-EndOfYear,T26A,10M,TA,A,8,0.9,"29,030.00",26427.15,26427.15,6.67
Student Services Specialist (ERS),NONC,2/6/2024-6/30/2024,26PY,12M,CORD,NA,,1,"85,000.00",85000,34000,8
School Social Worker (10 M),EA,4/15/2024-EndOfYear,T21A,10M,TCH,A,9,1,"55,342.00",58631,16416.66,7.25
School Aide,SS,8/30/2023-EndOfYear,T21A,10M,AIDE,B,17,0.75,"24,600.00",18450,18450,8
Manager of Family Counseling Services,NONC,8/30/2023-EndOfYear,T26A,10M,CORD,NA,,1,"60,135.00",60135,60135,8
Substitiute Teacher/noncertified,,3/26/2024-6/30/2024,,,OTHR,NA,,0,23.3,0,0,7.25
Principal Account Clerk,NREP,7/1/2023-EndOfYear,26PY,12M,CONF,NA,,1,"57,743.00",57743,57743,8
Financial & Operation System Specialist,NONC,7/1/2023-EndOfYear,26PY,12M,CORD,NA,,1,"74,570.00",74570,74570,8
Teaching Assistant,SS,9/26/2023-6/30/2024,T21A,10M,TA,A,5,0.9,"27,720.00",24948,22952.16,6.67
AccelerateU Teacher,EA,7/1/2023-EndOfYear,,,GRP6,NA,,0.01,0,0,0,7.25
School Social Worker (10 M),EA,8/30/2023-EndOfYear,T21A,10M,TCH,A,2,1,"49,672.00",49672,49672,7.25
Clinical Support Personnel,NONE,8/30/2023-EndOfYear,,10M,CORD,NA,,0,40,0,0,7.25
School Aide,SS,8/30/2023-EndOfYear,T26A,10M,AIDE,B,17,0.75,"24,600.00",18450,18450,8
Teaching Assistant,SS,8/30/2023-EndOfYear,T26A,10M,TA,A,5,0.9,"27,720.00",25248.15,25248.15,6.67
Manager of Financial Operations,NREP,4/11/2024-EndOfYear,26PY,12M,CONF,NA,,1,"95,000.00",95000,20826.92,8
School Aide,SS,8/30/2023-EndOfYear,T21A,10M,AIDE,B,17,0.75,"24,600.00",18450,18450,8
School Aide,SS,8/30/2023-EndOfYear,T26A,10M,AIDE,B,17,0.75,"24,600.00",18450,18450,8
School Aide,SS,8/30/2023-EndOfYear,T21A,10M,AIDE,B,17,0.75,"24,600.00",18450,18450,8
Coordinator of Communication & Marketing,NONC,7/1/2023-6/30/2024,26PY,12M,CORD,NA,,1,"70,233.00",70233,70233,8
School Psychologist,EA,8/30/2023-EndOfYear,T26A,10M,GRP2,NA,,1,"59,707.00",59707,59707,7.25
English Language Arts Teacher,EA,1/10/2024-EndOfYear,T21A,10M,TCH,A,11,1,"56,260.00",59549,33645.15,7.25
Secretary I,SS,7/1/2023-EndOfYear,26PY,12M,STEN,OFF,14,1,"36,891.00",40891,40891,8
School Psychologist,EA,8/30/2023-EndOfYear,T21A,10M,GRP2,NA,,1,"61,678.00",61678,61678,7.25
Special Education Teacher,EA,8/30/2023-EndOfYear,T21A,10M,TCH,A,6,1,"52,884.00",57874,57874,7.25
Coordinator of Technology (ERS),NONC,7/6/2023-EndOfYear,26PY,12M,CORD,NA,,1,"79,250.00",79250,78335.58,8
Clinical Support Personnel,NONE,8/30/2023-11/6/2023,T21A,10M,OTHR,NA,,0,40,0,0,7.25
School Aide,SS,8/30/2023-EndOfYear,T26A,10M,AIDE,B,19,0.75,"25,427.00",19070.25,19070.25,8
English Language Arts Teacher,EA,8/30/2023-EndOfYear,T26A,10M,TCH,B,09,1,"67,601.00",67601,67601,7.25
Special Education Teacher,EA,8/30/2023-EndOfYear,T21A,10M,TCH,A,6,1,"52,884.00",56740,56740,7.25
Teaching Assistant,SS,8/30/2023-EndOfYear,T21A,10M,TA,A,8,0.9,"29,030.00",26127,26127,6.67
Speech Medicaid Coordinator,NONC,7/1/2023-EndOfYear,26PY,12M,CORD,NA,,0.6,"102,280.00",61368,61368,8
Physical Therapist,EA,8/30/2023-EndOfYear,T26A,10M,TCH,A,10,1,"55,796.00",62298,62298,7.25
AccelerateU Teacher,EA,7/1/2023-EndOfYear,,,GRP6,NA,,0.01,0,0,0,7.25
Sr. Account Clerk Typist,SS,7/1/2023-EndOfYear,26PY,12M,BMM,OFF,18,1,"44,646.00",44646,44646,8
Special Education Teacher,EA,8/30/2023-EndOfYear,T26A,10M,TCH,A,8,1,"54,537.00",57637,57637,7.25
Career and Technical Education Teacher,EA,8/30/2023-EndOfYear,T26A,10M,TCH,B,016,1,"60,553.00",60553,60553,7.25
Special Education Teacher,EA,8/30/2023-EndOfYear,T26A,10M,TCH,A,9,1,"55,342.00",60143,60143,7.25
Speech Therapist (02),EA,11/27/2023-EndOfYear,T26A,10M,TCH,A,6,1,"52,884.00",58811,42623.94,7.25
Speech Therapist,EA,8/30/2023-EndOfYear,T26A,10M,TCH,B,011,1,"65,359.00",68081,68081,7.25
Coordinator of Pre-employment Services,NONC,7/1/2023-EndOfYear,26PY,12M,CORD,NA,,1,"90,916.00",90916,90916,8
AccelerateU Teacher,EA,7/1/2023-EndOfYear,,,GRP6,NA,,0.01,0,0,0,7.25
Occupational Therapist,EA,8/30/2023-EndOfYear,T21A,10M,TCH,A,8,1,"54,537.00",57448,57448,7.25
Occupational Therapist,EA,8/30/2023-EndOfYear,T21A,10M,TCH,A,8,1,"54,537.00",59078,59078,7.25
Occupational Therapist,EA,8/30/2023-EndOfYear,T21A,10M,TCH,A,7,1,"53,742.00",57527,57527,7.25
Career and Technical Education Teacher,EA,8/30/2023-EndOfYear,T26A,10M,TCH,B,08,1,"68,741.00",68741,68741,7.25
Special Education Teacher,EA,10/30/2023-6/30/2024,T21A,10M,TCH,A,1,1,"48,932.00",48932,39634.92,7.25
Special Education Teacher,EA,8/30/2023-EndOfYear,T26A,10M,TCH,A,7,1,"53,742.00",57598,57598,7.25
Physical Therapist,EA,8/30/2023-EndOfYear,T21A,10M,TCH,B,2022,1,"57,184.00",63686,63686,7.25
School Aide (02),SS,6/17/2024-EndOfYear,T21A,10M,AIDE,B,17,0.75,"24,600.00",18450,738,8
Public Information Coordinator (ERS),NONC,7/1/2023-EndOfYear,26PY,12M,CORD,NA,,1,"60,868.00",60868,60868,8
Registered Professional Nurse (12M),SS,7/1/2023-EndOfYear,26PY,12M,RN12,B,,1,"68,527.00",68527,68527,8
Occupational Therapist,EA,8/30/2023-EndOfYear,T26A,10M,TCH,A,10,1,"55,796.00",62920,62920,7.25
Clinical Support Personnel,NONE,8/30/2023-EndOfYear,,10M,OTHR,NA,,0,40,0,0,7.25
School Aide,SS,8/30/2023-EndOfYear,T21A,10M,AIDE,B,17,0.75,"24,600.00",18450,18450,8
School Aide,SS,8/30/2023-EndOfYear,T21A,10M,AIDE,B,17,0.75,"24,600.00",18450,18450,8
AccelerateU Teacher,EA,7/1/2023-EndOfYear,,,GRP6,NA,,0.01,0,0,0,7.25
Special Education Teacher,EA,8/30/2023-EndOfYear,T21A,10M,TCH,B,05,1,"71,215.00",73937,73937,7.25
Computer Services Assistant,SS,7/1/2023-EndOfYear,26PY,12M,CSA,OFF,12,1,"42,329.00",42329,42329,8
Career and Technical Education Teacher,EA,8/30/2023-EndOfYear,T26A,10M,TCH,B,016,1,"60,553.00",60553,60553,7.25
Staff Development Administrator,WADU,7/1/2023-EndOfYear,26PY,12M,WADU,NA,,1,"93,463.00",93463,93463,8
AccelerateU Teacher,EA,7/1/2023-EndOfYear,,,GRP6,NA,,0.01,0,0,0,7.25
Teaching Assistant,SS,8/30/2023-EndOfYear,T21A,10M,TA,A,5,0.9,"27,720.00",24948,24948,6.67
Manager of Family Counseling Services,NONC,8/30/2023-EndOfYear,T26A,10M,CORD,NA,,1,"53,844.00",53844,53844,8
Transportation Supervisor,WADU,7/1/2023-EndOfYear,26PY,12M,WADU,NA,,1,"75,939.00",75939,75939,8
Registered Professional Nurse (10M),SS,8/30/2023-EndOfYear,T21A,10M,RPN,B,24,1,"48,072.00",50475.6,50475.6,6.67
Sr. Account Clerk Typist,SS,7/1/2023-EndOfYear,26PY,12M,BMM,OFF,15,1,"42,328.00",42328,42328,8
School Aide,SS,8/30/2023-EndOfYear,T21A,10M,AIDE,B,17,0.75,"24,600.00",18450,18450,8
Director of Human Resources (certified),AAA,7/1/2023-EndOfYear,26PY,12M,ASG,NA,,1,"115,000.00",115000,115000,8
School Aide,SS,8/30/2023-EndOfYear,T26A,10M,AIDE,B,17,0.75,"24,600.00",18450,18450,8
Internal Auditor,NREP,7/1/2023-EndOfYear,26PY,12M,CONF,NA,,1,24.64,0,0,8
School Aide,SS,8/30/2023-EndOfYear,T21A,10M,AIDE,B,17,0.75,"24,600.00",18450,18450,8
Coordinator of Membership Services,NONC,7/1/2023-EndOfYear,26PY,12M,CORD,NA,,1,"48,962.00",48962,48962,8
Coordinator of Safety and Security,NONC,8/30/2023-EndOfYear,T21A,10M,CORD,NA,,1,"83,040.00",83040,83040,8
School Lunch Manager,NREP,7/1/2023-EndOfYear,26PY,12M,OTHR,NA,,1,"62,505.00",62505,62505,8
School Aide,SS,8/30/2023-EndOfYear,T21A,10M,AIDE,B,17,0.75,"24,600.00",18450,18450,8
Career and Technical Education Teacher,EA,8/30/2023-EndOfYear,T26A,10M,TCH,B,012,1,"64,162.00",64162,64162,7.25
Registered Professional Nurse (10M),SS,8/30/2023-EndOfYear,T21A,10M,RPN,B,9,1,"37,297.00",39161.85,39161.85,6.67
Sr. Account Clerk Typist,SS,7/1/2023-EndOfYear,26PY,12M,BMM,OFF,20,1,"46,020.00",46020,46020,8
Special Education Teacher,EA,8/30/2023-EndOfYear,T26A,10M,TCH,B,019,1,"58,084.00",60806,60806,7.25
Career and Technical Education Teacher,EA,8/30/2023-EndOfYear,T26A,10M,TCH,B,020,1,"57,802.00",57802,57802,7.25
Coordinator E-Rate (ERS),NONC,7/1/2023-EndOfYear,26PY,12M,CORD,NA,,1,"68,197.00",68197,68197,8
Career and Technical Education Teacher,EA,8/30/2023-EndOfYear,T26A,10M,TCH,B,017,1,"59,740.00",59740,59740,7.25
AccelerateU Teacher,EA,7/1/2023-EndOfYear,,,GRP6,NA,,0.01,0,0,0,7.25
Special Education Teacher,EA,8/30/2023-EndOfYear,T26A,10M,TCH,B,017,1,"59,740.00",59740,59740,7.25
Occupational Therapist,EA,8/30/2023-EndOfYear,T21A,10M,TCH,A,8,1,"54,537.00",60078,60078,7.25
Principal PTECH,WADU,7/1/2023-EndOfYear,26PY,12M,WADU,NA,,1,"110,118.00",110118,110118,8
Licensed Practical Nurse,SS,8/30/2023-EndOfYear,T26A,10M,TA,B,30,1,"43,118.00",43118,43118,6.67
Teaching Assistant,SS,8/30/2023-EndOfYear,T21A,10M,TA,A,5,0.9,"27,720.00",24948,24948,6.67
Teaching Assistant,SS,8/30/2023-EndOfYear,T21A,10M,TA,A,4,0.9,"27,310.00",24774.1,24774.1,6.67
Imaging Center Manager,NREP,7/1/2023-EndOfYear,26PY,12M,OTHR,NA,,1,"62,131.00",62131,62131,8
Licensed Practical Nurse,SS,8/30/2023-EndOfYear,T26A,10M,TA,B,23,1,"37,589.00",37589,37589,6.67
Physical Therapist,EA,8/30/2023-6/19/2024,T21A,10M,TCH,A,4,1,"51,232.00",57734,56290.65,7.25
Teaching Assistant,SS,8/30/2023-EndOfYear,T21A,10M,TA,A,5,0.9,"27,720.00",24948,24948,6.67
Typist (12M),SS,2/6/2024-EndOfYear,26PY,12M,TYP,N/A,6,1,"33,654.40",33654.4,13461.76,8
Coordinator of Shared Tech Services,NONC,7/1/2023-EndOfYear,26PY,12M,CORD,NA,,1,"90,916.00",90916,90916,8
Physical Education Teacher,EA,8/30/2023-EndOfYear,T26A,10M,TCH,B,021,1,"57,464.00",60186,60186,7.25
Career and Technical Education Teacher,EA,8/30/2023-EndOfYear,T26A,10M,TCH,B,020,1,"57,802.00",58634,58634,7.25
Licensed Practical Nurse,SS,8/30/2023-EndOfYear,T26A,10M,TA,B,10,1,"30,430.00",30430,30430,6.67
Physical Education Teacher,EA,8/30/2023-EndOfYear,T26A,10M,TCH,B,2023,1,"56,958.00",56958,56958,7.25
School Aide,SS,8/30/2023-EndOfYear,T26A,10M,AIDE,B,17,0.75,"24,600.00",18450,18450,8
School Business Official,AA,7/1/2023-EndOfYear,26PY,12M,ADM,NA,,1,"124,960.00",124960,124960,8
School Aide,SS,8/30/2023-EndOfYear,T26A,10M,AIDE,B,17,0.75,"24,600.00",18450,18450,8
Speech Therapist,EA,8/30/2023-EndOfYear,T26A,10M,TCH,A,4,1,"51,232.00",53064,53064,7.25
School Aide,SS,8/30/2023-EndOfYear,T21A,10M,AIDE,B,28,0.75,"29,782.00",22336.5,22336.5,8
School Counselor,EA,8/30/2023-EndOfYear,T26A,10M,GRP2,NA,,1,"59,474.00",59474,59474,7.25
AccelerateU Teacher,EA,7/1/2023-EndOfYear,,,GRP6,NA,,0.01,0,0,0,7.25
Staff Development Trainer,NONC,1/22/2024-EndOfYear,26PY,12M,CORD,NA,,1,"79,500.00",79500,35163.46,8
Staff Development Trainer,NONC,7/1/2023-EndOfYear,26PY,12M,CORD,NA,,1,"82,751.00",82751,82751,8
Speech Therapist,EA,8/30/2023-6/21/2024,T26A,10M,TCH,A,4,1,"51,232.00",56277,55447.83,7.25
Special Education Teacher,EA,8/30/2023-EndOfYear,T21A,10M,TCH,A,4,1,"51,232.00",51610,51610,7.25
Staff Development Trainer,NONC,7/1/2023-EndOfYear,26PY,12M,CORD,NA,,1,"88,268.00",88268,88268,8
Secretary I,SS,7/1/2023-EndOfYear,26PY,12M,STEN,OFF,21,1,"41,535.00",45535,45535,8
Speech Therapist,EA,8/30/2023-EndOfYear,T21A,10M,TCH,B,013,1,"63,040.00",66896,66896,7.25
Physical Therapist,EA,8/30/2023-EndOfYear,T21A,10M,TCH,B,017,1,"59,740.00",66242,66242,7.25
Public Information Coordinator (ERS),NONC,7/3/2023-EndOfYear,26PY,12M,CORD,NA,,1,"63,443.00",63443,63443,8
Student Services Specialist (ERS),NONC,2/6/2024-6/30/2024,26PY,12M,CORD,NA,,1,"80,000.00",80000,32000,8
Teaching Assistant (02),SS,12/1/2023-EndOfYear,T21A,10M,TA,A,4,0.9,"27,310.00",24579,17205.3,6.67
Payroll Specialist,NREP,7/1/2023-EndOfYear,26PY,12M,CONF,NA,,1,"54,863.00",54863,54863,8
Head Bus Driver (02),NREP,9/8/2023-EndOfYear,26PY,12M,OTHR,NA,,1,"62,891.00",62891,51038.47,8
Career and Technical Education Teacher,EA,8/30/2023-EndOfYear,T21A,10M,TCH,A,5,1,"52,039.00",52039,52039,7.25
Teaching Assistant,SS,8/30/2023-EndOfYear,T21A,10M,TA,A,7,0.9,"28,580.00",25722,25722,6.67
Building Maintenance Assistant,SS,7/1/2023-EndOfYear,26PY,12M,BMA,OFF,10,1,"34,258.00",34258,34258,8
Messenger (02),SS,7/1/2023-EndOfYear,26PY,12M,TYP,N/A,5,1,"33,176.00",33176,33176,8
Teaching Assistant,SS,8/30/2023-EndOfYear,T21A,10M,TA,A,4,0.9,"27,310.00",24879.15,24879.15,6.67
Software Developer II,SS,7/1/2023-EndOfYear,26PY,12M,CPRO,NA,4,1,"46,331.00",46331,46331,8
Principal Account Clerk,NREP,1/9/2024-6/30/2024,26PY,12M,CONF,NA,,1,"52,000.00",52000,24800,8
Orientation and Mobility Specialist,EA,8/30/2023-EndOfYear,T21A,10M,TCH,A,5,1,"52,039.00",52039,52039,7.25
Coordinator E-Rate (ERS),NONC,7/1/2023-EndOfYear,26PY,12M,CORD,NA,,1,"67,470.00",67470,67470,8
Special Education Teacher,EA,8/30/2023-EndOfYear,T21A,10M,TCH,A,4,1,"51,232.00",52064,52064,7.25
Teaching Assistant,SS,8/30/2023-EndOfYear,T26A,10M,TA,A,7,0.9,"28,580.00",25722,25722,6.67
Registered Professional Nurse (10M),SS,4/11/2024-EndOfYear,T21A,10M,RPN,B,18,1,"43,191.00",43191,12525.38,6.67
Career and Technical Education Teacher,EA,8/30/2023-EndOfYear,T26A,10M,TCH,A,3,1,"50,438.00",51270,51270,7.25
Teaching Assistant (02),SS,12/4/2023-EndOfYear,T26A,10M,TA,A,6,0.9,"28,143.00",25328.7,17603.44,6.67
School Social Worker (10 M),EA,8/30/2023-EndOfYear,T26A,10M,TCH,A,3,1,"50,438.00",50438,50438,7.25
Career and Technical Education Teacher,EA,8/30/2023-EndOfYear,T21A,10M,TCH,A,6,1,"52,884.00",52884,52884,7.25
Manager Technical Support Team,NONC,7/1/2023-EndOfYear,26PY,12M,CORD,NA,,1,"107,122.00",107122,107122,8
Occupational Therapist,EA,8/30/2023-EndOfYear,T26A,10M,TCH,A,8,1,"54,537.00",58448,58448,7.25
Messenger,SS,7/1/2023-EndOfYear,26PY,12M,TYP,OFF,9,1,"34,119.00",34119,34119,8
Building Maintenance Assistant (02),SS,7/1/2023-3/4/2024,26PY,12M,BMA,N/A,6,1,"34,093.00",34093,23157.54,8
Speech Therapist,EA,8/30/2023-EndOfYear,T26A,10M,TCH,B,2022,1,"57,184.00",64686,64686,7.25
Shared Data Coordinator (ERS),NONC,7/1/2023-EndOfYear,26PY,12M,CORD,NA,,1,"69,629.00",69629,69629,8
Director of Human Resources (certified),AAA,9/18/2023-EndOfYear,26PY,12M,ASG,NA,,1,"115,000.00",115000,90673.08,8
School Aide,SS,8/30/2023-EndOfYear,T21A,10M,AIDE,B,17,0.75,"24,600.00",18450,18450,8
Special Education Teacher,EA,8/30/2023-EndOfYear,T21A,10M,TCH,A,3,1,"50,438.00",50438,50438,7.25
Building Maintenance Assistant,SS,1/9/2024-EndOfYear,26PY,12M,BMA,N/A,3,1,"32,698.00",32698,15594.43,8
IT Support Technician II,SS,7/1/2023-EndOfYear,26PY,12M,SCSA,N/A,8,1,"55,752.54",55752.54,55752.54,8
Teaching Assistant,SS,8/30/2023-EndOfYear,T21A,10M,TA,A,5,0.9,"27,720.00",24948,24948,6.67
School Aide,SS,8/30/2023-EndOfYear,T21A,10M,AIDE,B,17,0.75,"24,600.00",18450,18450,8
Occupational Therapist,EA,8/30/2023-EndOfYear,T21A,10M,TCH,A,6,1,"52,884.00",59126,59126,7.25
Career and Technical Education Teacher,EA,8/30/2023-EndOfYear,T26A,10M,TCH,A,6,1,"52,884.00",52884,52884,7.25
Career and Technical Education Teacher,EA,8/30/2023-EndOfYear,T26A,10M,TCH,A,10,1,"55,796.00",55796,55796,7.25
School Aide,SS,8/30/2023-EndOfYear,T21A,10M,AIDE,B,17,0.75,"24,600.00",18450,18450,8
Stock Clerk II,SS,7/1/2023-EndOfYear,26PY,12M,SCSA,N/A,4,1,"52,619.00",52619,52619,8
Public Information Coordinator (ERS),NONC,7/3/2023-EndOfYear,26PY,12M,CORD,NA,,1,"55,703.00",55703,55703,8
Sr. Account Clerk Typist,SS,7/1/2023-EndOfYear,26PY,12M,BMM,OFF,15,1,"42,328.00",42328,42328,8
Teaching Assistant,SS,8/30/2023-EndOfYear,T21A,10M,TA,A,7,0.9,"28,580.00",25722,25722,6.67
Cleaner (02),SS,7/1/2023-EndOfYear,26PY,12M,LAB,OFF,2024,1,"31,807.00",31807,31807,8
Application Support Services Asst II,SS,8/15/2023-EndOfYear,26PY,12M,SCSA,N/A,2,1,"51,208.00",51208,45102.43,8
Public Information Coordinator (ERS),NONC,7/1/2023-EndOfYear,26PY,12M,CORD,NA,,1,"53,561.00",53561,53561,8
Teaching Assistant,SS,11/6/2023-6/30/2024,T21A,10M,TA,A,2,0.9,"26,526.00",23873.4,18740.62,6.67
Public Information Coordinator (ERS),NONC,7/1/2023-EndOfYear,26PY,12M,CORD,NA,,1,"55,703.00",55703,55703,8
Public Information Coordinator (ERS),NONC,7/1/2023-3/1/2024,26PY,12M,CORD,NA,,1,"58,381.00",58381,39294.9,8
School Psychologist (03),EA,5/28/2024-EndOfYear,T26A,10M,GRP2,NA,,1,"55,434.00",55434,6652.08,7.25
Tutor (Certified),NONE,7/1/2023-EndOfYear,,,OTHR,NA,,0,36.5,0,0,7.25
Clinical Support Personnel,NONE,8/30/2023-EndOfYear,T21A,10M,OTHR,NA,,0,40,0,0,7.25
Sr. Account Clerk Typist,SS,7/1/2023-EndOfYear,26PY,12M,BMM,OFF,11,1,"39,921.00",39921,39921,8
Principal Technical & Career Education,WADU,7/1/2023-EndOfYear,26PY,12M,WADU,NA,,1,"103,797.00",103797,103797,8
School Aide,SS,8/30/2023-EndOfYear,T21A,10M,AIDE,B,17,0.75,"24,600.00",18450,18450,8
Network Engineer I,SS,7/1/2023-EndOfYear,26PY,12M,SCSA,OFF,9,1,"57,501.00",57501,57501,8
Physical Education Teacher,EA,8/30/2023-EndOfYear,T26A,10M,TCH,B,2022,1,"57,184.00",57184,57184,7.25
Teacher of Visually Impaired,EA,8/30/2023-EndOfYear,T26A,10M,TCH,B,2022,1,"57,184.00",61670,61670,7.25
Career and Technical Education Teacher,EA,8/30/2023-EndOfYear,T26A,10M,TCH,A,4,1,"51,232.00",51232,51232,7.25
Career and Technical Education Teacher,EA,8/30/2023-EndOfYear,T26A,10M,TCH,A,9,1,"55,342.00",55342,55342,7.25
Network Technician,SS,5/15/2024-EndOfYear,26PY,12M,CSA,N/A,5,1,"38,150.00",38150,4842.12,8
Network Engineer I,SS,7/1/2023-EndOfYear,26PY,12M,SCSA,OFF,2024,1,"56,616.00",56616,56616,8
Physical Education Teacher,EA,8/30/2023-EndOfYear,T26A,10M,TCH,A,4,1,"51,232.00",52631,52631,7.25
Purchasing Assistant,SS,7/1/2023-EndOfYear,26PY,12M,BMM,OFF,16,1,"43,112.00",43112,43112,8
Director of P-16 Instruction,AAA,7/1/2023-EndOfYear,26PY,12M,ADM,NA,,1,"129,750.00",129750,129750,8
School Aide,SS,8/30/2023-EndOfYear,T26A,10M,AIDE,B,17,0.75,"24,600.00",18450,18450,8
School Aide,SS,8/30/2023-EndOfYear,T26A,10M,AIDE,B,20,0.75,"25,768.00",19326,19326,8
Assistant Principal,WADU,7/1/2023-EndOfYear,26PY,12M,WADU,NA,,1,"83,040.00",83040,83040,8
School Aide,SS,8/30/2023-EndOfYear,T26A,10M,AIDE,B,17,0.75,"24,600.00",18450,18450,8
Head Custodian,NREP,5/7/2024-EndOfYear,26PY,12M,CONF,NA,,1,"52,000.00",52000,7800,8
Cleaner,SS,7/1/2023-EndOfYear,26PY,12M,LAB,OFF,9,1,"32,279.00",32279,32279,8
Network Technician,SS,7/1/2023-EndOfYear,26PY,12M,CSA,N/A,3,1,"37,234.00",37234,37234,8
School Social Worker (10 M),EA,8/30/2023-EndOfYear,T21A,10M,TCH,B,011,1,"65,359.00",65359,65359,7.25
Career and Technical Education Teacher,EA,8/30/2023-EndOfYear,T26A,10M,TCH,B,06,1,"70,474.00",70474,70474,7.25
School Counselor,EA,8/30/2023-EndOfYear,T26A,10M,GRP2,NA,,1,"56,110.00",56110,56110,7.25
Library Media Specialist (10M),NONC,8/30/2023-EndOfYear,T26A,10M,TCH,A,4,1,"52,190.00",53022,53022,8
English as a New Language Teacher,EA,8/30/2023-EndOfYear,T21A,10M,TCH,B,021,1,"57,464.00",64798,64798,7.25
Coordinator of Data Governance,NONC,7/1/2023-EndOfYear,26PY,12M,CORD,NA,,1,"83,040.00",83040,83040,8
Career and Technical Education Teacher,EA,8/30/2023-EndOfYear,T26A,10M,TCH,B,2023,1,"56,958.00",56958,56958,7.25
Career and Technical Education Teacher (02),EA,4/17/2024-EndOfYear,T26A,10M,TCH,A,4,1,"51,232.00",51232,13832.64,7.25
School Aide,SS,8/30/2023-EndOfYear,T21A,10M,AIDE,B,17,0.75,"24,600.00",18450,18450,8
HVAC Service Engineer,SS,7/1/2023-3/27/2024,26PY,12M,HVAC,OFF,12,1,"52,124.00",52124,38692.05,8
Network Technician,SS,7/1/2023-EndOfYear,26PY,12M,CSA,N/A,5,1,"38,150.00",38150,38150,8
AccelerateU Teacher,EA,7/1/2023-EndOfYear,,,GRP6,NA,,0.01,0,0,0,7.25
AccelerateU Teacher,EA,7/1/2023-EndOfYear,,,GRP6,NA,,0.01,0,0,0,7.25
Teaching Assistant,SS,8/30/2023-EndOfYear,T21A,10M,TA,A,3,0.9,"26,913.00",24221.7,24221.7,6.67
School Aide,SS,8/30/2023-EndOfYear,T21A,10M,AIDE,B,20,0.75,"25,768.00",19326,19326,8
Laborer (02),SS,7/1/2023-7/28/2023,26PY,12M,LAB,OFF,2024,1,"31,807.00",31807,2446.69,8
School Aide (02),SS,8/30/2023-EndOfYear,T26A,10M,AIDE,B,17,0.75,"24,600.00",18450,18450,8
AccelerateU Teacher,EA,7/1/2023-EndOfYear,,,GRP6,NA,,0.01,0,0,0,7.25
IT Support Technician II,SS,7/1/2023-EndOfYear,26PY,12M,SCSA,N/A,4,1,"52,619.00",52619,52619,8
Coordinator of Regional Programs,NONC,7/1/2023-EndOfYear,26PY,12M,CORD,NA,,1,"69,546.00",69546,69546,8
Career and Technical Education Teacher,EA,12/8/2023-6/30/2024,T26A,10M,TCH,A,1,1,"48,932.00",48932,33029.1,7.25
Teaching Assistant,SS,8/30/2023-EndOfYear,T21A,10M,TA,B,2024,0.9,"29,477.00",26529.3,26529.3,6.67
Teaching Assistant (02),SS,2/26/2024-EndOfYear,T21A,10M,TA,A,7,0.9,"28,580.00",25722,10803.24,6.67
Career and Technical Education Teacher,EA,8/30/2023-EndOfYear,T26A,10M,TCH,B,020,1,"57,801.00",57801,57801,7.25
Career and Technical Education Teacher,EA,8/30/2023-EndOfYear,T26A,10M,TCH,A,10,1,"55,796.00",55796,55796,7.25
School Counselor,EA,8/30/2023-EndOfYear,T26A,10M,GRP2,NA,,1,"61,846.00",61846,61846,7.25
Special Education Teacher,EA,8/30/2023-EndOfYear,T26A,10M,TCH,B,018,1,"58,935.00",61657,61657,7.25
Physical Therapist,EA,8/30/2023-EndOfYear,T21A,10M,TCH,A,4,0.5,"51,232.00",28394.5,28394.5,7.25
Teaching Assistant,SS,11/28/2023-6/30/2024,T21A,10M,TA,A,4,0.9,"27,310.00",24579,17573.99,6.67
Social Studies Teacher,EA,8/30/2023-EndOfYear,T21A,10M,TCH,B,04,1,"71,904.00",71904,71904,7.25
Messenger,SS,7/1/2023-EndOfYear,26PY,12M,TYP,OFF,9,1,"34,119.00",34119,34119,8
School Aide,SS,8/30/2023-EndOfYear,T26A,10M,AIDE,B,19,0.75,"25,427.00",19070.25,19070.25,8
Payroll Specialist,NREP,7/1/2023-EndOfYear,26PY,12M,CONF,NA,,1,"53,025.00",53025,53025,8
School Aide,SS,9/5/2023-EndOfYear,T26A,10M,AIDE,B,18,0.75,"25,018.00",18763.5,18482.05,8
Special Education Teacher,EA,8/30/2023-6/30/2024,T21A,10M,TCH,A,1,1,"48,932.00",48932,48932,7.25
IT Support Technician II,SS,7/1/2023-EndOfYear,26PY,12M,SCSA,N/A,6,1,"54,119.00",54119,54119,8
Career and Technical Education Teacher,EA,8/30/2023-EndOfYear,T26A,10M,TCH,B,015,1,"61,323.00",61323,61323,7.25
Shared Data Coordinator (ERS),NONC,7/1/2023-EndOfYear,26PY,12M,CORD,NA,,1,"77,850.00",77850,77850,8
IT Support Technician II,SS,5/7/2024-EndOfYear,26PY,12M,SCSA,N/A,2,1,"51,208.00",51208,7681.2,8
Imaging Center Assistant,SS,7/1/2023-EndOfYear,26PY,12M,BMM,OFF,9,1,"38,861.00",38861,38861,8
Shared Data Coordinator (ERS),NONC,7/1/2023-EndOfYear,26PY,12M,CORD,NA,,1,"67,470.00",67470,67470,8
Administrative Aide,NREP,7/1/2023-EndOfYear,26PY,12M,CONF,NA,,1,"46,710.00",46710,46710,8
School Social Worker (10 M),EA,8/30/2023-EndOfYear,T21A,10M,TCH,A,2,1,"49,672.00",49672,49672,7.25
Buyer,NREP,7/1/2023-EndOfYear,26PY,12M,CONF,NA,,1,"55,014.00",55014,55014,8
Special Education Teacher,EA,8/30/2023-EndOfYear,T26A,10M,TCH,B,018,1,"58,935.00",64681,64681,7.25
Network Engineer I,SS,7/1/2023-EndOfYear,26PY,12M,SCSA,OFF,9,1,"57,501.00",57501,57501,8
Public Information Coordinator (ERS),NONC,7/1/2023-EndOfYear,26PY,12M,CORD,NA,,1,"55,014.00",55014,55014,8
Career and Technical Education Teacher,EA,8/30/2023-EndOfYear,T26A,10M,TCH,B,2022,1,"57,184.00",58016,58016,7.25
Cleaner,SS,7/1/2023-EndOfYear,26PY,12M,LAB,OFF,12,1,"33,664.00",33664,33664,8
Career and Technical Education Teacher,EA,8/30/2023-6/30/2024,T26A,10M,TCH,A,10,1,"55,796.00",55796,55796,7.25
IT Project Manager,NREP,7/3/2023-EndOfYear,26PY,12M,CONF,NA,,1,"80,000.00",80000,80000,8
IT Support Technician I,SS,7/1/2023-EndOfYear,26PY,12M,CSA,N/A,5,1,"38,150.00",38150,38150,8
School Aide,SS,8/30/2023-EndOfYear,T21A,10M,AIDE,B,17,0.75,"24,600.00",18450,18450,8
Financial & Ops System Specialist (ERS),NONC,7/1/2023-EndOfYear,26PY,12M,CORD,NA,,1,"62,280.00",62280,62280,8
Financial & Ops System Specialist (ERS),NONC,7/1/2023-EndOfYear,26PY,12M,CORD,NA,,1,"62,280.00",62280,62280,8
Secretary I,SS,5/7/2024-EndOfYear,26PY,12M,STEN,OFF,22,1,"42,264.00",42264,6339.6,8
Teaching Assistant,SS,3/25/2024-6/30/2024,T21A,10M,TA,A,2,0.9,"26,526.00",23873.4,7639.49,6.67
Teaching Assistant,SS,1/1/2024-EndOfYear,T21A,10M,TA,A,4,0.9,"27,310.00",24579,14747.4,6.67
Teacher of the Deaf,EA,8/30/2023-EndOfYear,T26A,10M,TCH,B,010,1,"66,479.00",70965,70965,7.25
School Aide,SS,8/30/2023-EndOfYear,T21A,10M,AIDE,B,18,0.75,"25,018.00",18763.5,18763.5,8
Network Engineer I,SS,4/16/2024-EndOfYear,26PY,12M,SCSA,N/A,3,1,"51,903.00",51903,10779.85,8
Teacher of the Deaf,EA,8/30/2023-EndOfYear,T26A,10M,TCH,B,010,1,"66,479.00",68823,68823,7.25
School Social Worker (10 M),EA,8/30/2023-EndOfYear,T26A,10M,TCH,A,4,1,"51,232.00",51232,51232,7.25
School Aide,SS,8/30/2023-EndOfYear,T21A,10M,AIDE,B,20,0.75,"25,768.00",19326,19326,8
Building Maintenance Mechanic,SS,8/15/2023-EndOfYear,26PY,12M,BMM,OFF,25,1,"50,390.00",50390,44381.96,8
Public Information Coordinator (ERS),NONC,7/17/2023-6/30/2024,26PY,12M,CORD,NA,,1,"59,600.00",59600,57307.69,8
Special Education Teacher,EA,8/30/2023-6/30/2024,T21A,10M,TCH,A,1,1,"48,932.00",49115.04,49115.04,7.25
Asst Executive Coordinator Section V,NONC,8/1/2023-6/30/2024,26PY,12M,CORD,NA,,1,"85,000.00",85000,78134.62,8
School Social Worker (10 M),EA,8/30/2023-EndOfYear,T21A,10M,TCH,A,3,1,"50,438.00",51270,51270,7.25
Cleaner,SS,8/15/2023-EndOfYear,26PY,12M,LAB,OFF,11,1,"33,211.00",33211,29251.23,8
School Aide,SS,8/30/2023-EndOfYear,T26A,10M,AIDE,B,20,0.75,"25,768.00",19326,19326,8
Secretary I,SS,8/28/2023-EndOfYear,26PY,12M,STEN,OFF,21,1,"41,535.00",41535,35145,8
Network Engineer I,SS,8/15/2023-EndOfYear,26PY,12M,SCSA,N/A,3,1,"51,903.00",51903,45714.56,8
Teaching Assistant,SS,9/18/2023-6/30/2024,T21A,10M,TA,A,1,0.9,"26,122.50",23510.25,22334.72,6.67
Career and Technical Education Teacher,EA,8/30/2023-6/30/2024,T26A,10M,TCH,A,8,1,"54,537.00",54537,54537,7.25
Speech Therapist,EA,8/30/2023-EndOfYear,T21A,10M,TCH,B,07,1,"69,914.00",74266,74266,7.25
Career and Technical Education Teacher,EA,8/30/2023-6/30/2024,T26A,10M,TCH,A,12,1,"56,736.00",56736,56736,7.25
Clinical Support Personnel,NONE,8/30/2023-6/30/2024,T21A,10M,OTHR,NA,,0,40,0,0,7.25
Health Teacher,EA,8/30/2023-EndOfYear,T21A,10M,TCH,B,2022,1,"57,184.00",60473,60473,7.25
School Aide,SS,8/30/2023-EndOfYear,T21A,10M,AIDE,B,21,0.75,"26,239.00",19679.25,19679.25,8
Network Technician,SS,9/12/2023-EndOfYear,26PY,12M,CSA,N/A,3,1,"37,234.00",37234,29930.41,8
Teaching Assistant,SS,8/30/2023-6/30/2024,T26A,10M,TA,B,12,0.9,"31,310.00",28179,28179,6.67
Physical Education Teacher,EA,8/30/2023-EndOfYear,T26A,10M,TCH,A,1,1,"48,932.00",49764,49764,7.25
Teaching Assistant,SS,8/30/2023-6/30/2024,T21A,10M,TA,B,12,0.9,"31,310.00",28479.15,28479.15,6.67
Career and Technical Education Teacher,EA,9/13/2023-6/30/2024,T21A,10M,TCH,A,8,1,"54,537.00",54537,52082.79,7.25
District Superintendent,SUPT,10/23/2023-6/30/2024,26PY,12M,SUPR,NA,,1,"164,751.00",164751,114058.38,8
School Aide,SS,9/25/2023-EndOfYear,T21A,10M,AIDE,B,20,0.75,"25,768.00",19326,17876.55,8
Clinical Support Personnel,NONE,9/29/2023-6/30/2024,T21A,10M,OTHR,NA,,0,40,0,0,7.25
Sr. Account Clerk Typist,SS,10/23/2023-EndOfYear,26PY,12M,BMM,OFF,11,1,"39,921.00",39921,27637.62,8
Messenger,SS,11/7/2023-EndOfYear,26PY,12M,TYP,N/A,4,1,"32,739.20",32739.2,21280.48,8
Licensed Practical Nurse,SS,10/30/2023-EndOfYear,T21A,10M,TA,B,11,1,"30,879.00",30879,25012,6.67
Sr. Account Clerk Typist,SS,11/13/2023-EndOfYear,26PY,12M,BMM,OFF,10,1,"39,407.00",39407,25008.29,8
IT Support Technician I,SS,11/7/2023-EndOfYear,26PY,12M,CSA,N/A,4,1,"37,685.00",37685,24495.25,8
Shared Data Coordinator (ERS),NONC,11/27/2023-6/30/2024,26PY,12M,CORD,NA,,1,"68,000.00",68000,40538.46,8
Treasurer,NREP,12/5/2023-EndOfYear,26PY,12M,CONF,NA,,1,"72,000.00",72000,41261.54,8
Teaching Assistant,SS,12/4/2023-6/30/2024,T21A,10M,TA,A,7,0.9,"28,580.00",25722,17876.79,6.67
Special Education Teacher,EA,4/9/2024-6/30/2024,T21A,10M,TCH,A,4,1,"51,232.00",52064,15619.2,7.25
Special Education Teacher,EA,12/11/2023-EndOfYear,T21A,10M,TCH,A,4,1,"51,232.00",52064,34882.88,7.25
Career and Technical Education Teacher,EA,1/3/2024-6/30/2024,T21A,10M,TCH,B,021,1,"57,464.00",57464,33903.76,7.25
School Aide,SS,12/14/2023-EndOfYear,T21A,10M,AIDE,B,27,0.75,"29,157.00",21867.75,13995.39,8
Clinical Support Personnel,NONE,12/12/2023-6/30/2024,T21A,10M,OTHR,NA,,0,40,0,0,7.25
Physical Therapist,EA,1/3/2024-EndOfYear,T21A,10M,TCH,A,10,1,"55,796.00",55796,32919.64,7.25
Treasurer,NREP,1/16/2024-EndOfYear,26PY,12M,OTHR,NA,,1,"76,000.00",76000,34784.62,8
Groundskeeper,SS,1/9/2024-EndOfYear,26PY,12M,BMM,N/A,7,1,"37,291.00",37291,17784.94,8
Public Information Coordinator (ERS),NONC,1/9/2024-6/30/2024,26PY,12M,CORD,NA,,1,"55,000.00",55000,26230.77,8
Teaching Assistant,SS,1/22/2024-6/30/2024,T21A,10M,TA,A,2,0.9,"26,526.00",23873.4,12891.64,6.67
Licensed Practical Nurse,SS,1/29/2024-EndOfYear,T21A,10M,TA,B,18,1,"34,563.00",34563,17799.96,6.67
Typist (12M),SS,2/6/2024-EndOfYear,26PY,12M,TYP,N/A,8,1,"34,528.00",34528,13811.2,8
Teaching Assistant,SS,1/30/2024-6/30/2024,T21A,10M,TA,A,1,0.9,"26,122.50",23510.25,11990.22,6.67
Cleaner T/PT,NONE,1/29/2024-6/30/2024,,,OTHR,NA,,0,15,0,0,8
Network Technician,SS,2/12/2024-EndOfYear,26PY,12M,CSA,N/A,1,1,"36,400.00",36400,14000,8
Career and Technical Education Teacher,EA,2/12/2024-6/30/2024,T21A,10M,TCH,A,12,1,"56,736.00",56736,26382.24,7.25
School Counselor,EA,2/27/2024-EndOfYear,T21A,10M,GRP2,NA,,1,"62,298.00",62298,25853.67,7.25
Groundskeeper,SS,3/12/2024-EndOfYear,26PY,12M,BMM,N/A,8,1,"37,802.00",37802,11485.99,8
Licensed Practical Nurse,SS,4/9/2024-EndOfYear,T21A,10M,TA,B,24,1,"38,431.00",38431,11529.3,6.67
School Psychologist,EA,3/27/2024-EndOfYear,T21A,10M,GRP2,NA,,1,"71,861.00",71861,22276.92,7.25
Assistant Superintendent for Teaching,AAA,5/13/2024-EndOfYear,26PY,12M,ADM,NA,,1,"150,000.00",150000,20192.31,8
IT Intern,NONE,5/20/2024-6/30/2024,26PY,12M,OTHR,NA,,1,17,0,0,8
Career and Technical Education Teacher,EA,5/20/2024-EndOfYear,T21A,10M,TCH,B,017,1,"59,740.00",59740,8961,7.25
Shared Data Coordinator (ERS),NONC,5/13/2024-6/30/2024,26PY,12M,CORD,NA,,1,"60,000.00",60000,8076.92,8
IT Support Technician II,SS,5/13/2024-EndOfYear,26PY,12M,SCSA,N/A,4,1,"52,619.00",52619,7083.33,8
Secretary I,SS,5/7/2024-EndOfYear,26PY,12M,STEN,OFF,15,1,"37,533.00",37533,5629.95,8
Payroll Specialist,NREP,6/3/2024-EndOfYear,26PY,12M,CONF,NA,,1,"57,000.00",57000,4384.62,8
Occupational Therapist,EA,5/20/2024-EndOfYear,T21A,10M,TCH,A,2,1,"49,672.00",52457,7868.6,7.25
Public Information Coordinator (ERS),NONC,6/4/2024-6/30/2024,26PY,12M,CORD,NA,,1,"52,250.00",52250,3818.27,8
Occupational Therapist,EA,5/31/2024-EndOfYear,T21A,10M,TCH,A,2,1,"49,672.00",49672,5215.56,7.25
IT Support Technician II,SS,6/4/2024-EndOfYear,26PY,12M,SCSA,N/A,2,1,"51,208.00",51208,3742.12,8
Public Information Coordinator (ERS),NONC,6/4/2024-6/30/2024,26PY,12M,CORD,NA,,1,"49,305.00",49305,3603.06,8
825,Grand Total,"38,614,499.22",,,,,,,,,,
Ver. 26.01.12.2430,,,,,,,,,,,,
